time, WVHT, MWD, DPD
  UTC , m, deg, s
31-May-2023 18:00:00, 0.1, 57, 1.58
31-May-2023 18:10:00, 0.1, 60, 1.77
31-May-2023 18:20:00, 0.1, 64, 1.73
31-May-2023 18:30:00, 0.1, 59, 1.63
31-May-2023 18:40:00, 0.1, 56, 1.65
31-May-2023 18:50:00, 0.1, 57, 1.63
31-May-2023 19:00:00, 0.1, 45, 3.60
31-May-2023 19:10:00, 0.1, 46, 4.43
31-May-2023 19:20:00, 0.1, 58, 4.60
31-May-2023 19:30:00, 0.1, 63, 4.57
31-May-2023 19:40:00, 0.1, 67, 4.57
31-May-2023 19:50:00, 0.1, 68, 4.53
31-May-2023 20:00:00, 0.1, 64, 4.53
31-May-2023 20:10:00, 0.1, 62, 4.60
31-May-2023 20:20:00, 0.1, 58, 1.56
31-May-2023 20:30:00, 0.1, 51, 1.84
31-May-2023 20:40:00, 0.1, 50, 1.68
31-May-2023 20:50:00, 0.1, 51, 1.94
31-May-2023 21:00:00, 0.1, 48, 1.64
31-May-2023 21:10:00, 0.1, 38, 1.68
31-May-2023 21:20:00, 0.1, 30, 1.94
31-May-2023 21:30:00, 0.1, 39, 4.53
31-May-2023 21:40:00, 0.1, 46, 1.80
31-May-2023 21:50:00, 0.1, 48, 1.83
31-May-2023 22:00:00, 0.1, 56, 1.73
31-May-2023 22:10:00, 0.1, 55, 1.56
31-May-2023 22:20:00, 0.1, 57, 1.69
31-May-2023 22:30:00, 0.1, 58, 1.62
31-May-2023 22:40:00, 0.1, 53, 1.64
31-May-2023 22:50:00, 0.1, 55, 1.95
31-May-2023 23:00:00, 0.1, 54, 1.59
31-May-2023 23:10:00, 0.1, 55, 1.78
31-May-2023 23:20:00, 0.1, 61, 1.54
31-May-2023 23:30:00, 0.1, 75, 3.19
31-May-2023 23:40:00, 0.1, 79, 2.63
31-May-2023 23:50:00, 0.1, 46, 1.97
01-Jun-2023 00:00:00, 0.1, 40, 2.11
01-Jun-2023 00:10:00, 0.2, 53, 2.44
01-Jun-2023 00:20:00, 0.2, 56, 2.38
01-Jun-2023 00:30:00, 0.2, 53, 2.54
01-Jun-2023 00:40:00, 0.2, 46, 2.44
01-Jun-2023 00:50:00, 0.2, 48, 2.48
01-Jun-2023 01:00:00, 0.2, 48, 2.72
01-Jun-2023 01:10:00, 0.2, 57, 2.66
01-Jun-2023 01:20:00, 0.2, 69, 2.45
01-Jun-2023 01:30:00, 0.2, 76, 2.36
01-Jun-2023 01:40:00, 0.2, 84, 2.59
01-Jun-2023 01:50:00, 0.2, 76, 2.53
01-Jun-2023 02:00:00, 0.1, 73, 4.27
01-Jun-2023 02:10:00, 0.2, 74, 3.00
01-Jun-2023 02:20:00, 0.1, 71, 2.62
01-Jun-2023 02:30:00, 0.2, 64, 2.97
01-Jun-2023 02:40:00, 0.2, 60, 2.57
01-Jun-2023 02:50:00, 0.2, 57, 2.70
01-Jun-2023 03:00:00, 0.2, 46, 2.52
01-Jun-2023 03:10:00, 0.2, 34, 2.91
01-Jun-2023 03:20:00, 0.2, 32, 2.88
01-Jun-2023 03:30:00, 0.1, 52, 2.77
01-Jun-2023 03:40:00, 0.2, 71, 2.71
01-Jun-2023 03:50:00, 0.2, 83, 2.76
01-Jun-2023 04:00:00, 0.2, 92, 3.02
01-Jun-2023 04:10:00, 0.2, 89, 2.79
01-Jun-2023 04:20:00, 0.2, 79, 2.71
01-Jun-2023 04:30:00, 0.2, 74, 2.64
01-Jun-2023 04:40:00, 0.2, 72, 2.58
01-Jun-2023 04:50:00, 0.2, 74, 2.71
01-Jun-2023 05:00:00, 0.2, 72, 2.77
01-Jun-2023 05:10:00, 0.2, 73, 2.45
01-Jun-2023 05:20:00, 0.2, 77, 2.83
01-Jun-2023 05:30:00, 0.2, 78, 2.81
01-Jun-2023 05:40:00, 0.2, 80, 2.90
01-Jun-2023 05:50:00, 0.2, 82, 4.60
01-Jun-2023 06:00:00, 0.2, 72, 2.90
01-Jun-2023 06:10:00, 0.2, 77, 2.86
01-Jun-2023 06:20:00, 0.2, 89, 2.93
01-Jun-2023 06:30:00, 0.2, 94, 2.86
01-Jun-2023 06:40:00, 0.2, 96, 2.97
01-Jun-2023 06:50:00, 0.2, 94, 3.16
01-Jun-2023 07:00:00, 0.2, 87, 3.05
01-Jun-2023 07:10:00, 0.2, 78, 2.72
01-Jun-2023 07:20:00, 0.2, 79, 2.98
01-Jun-2023 07:30:00, 0.2, 88, 3.18
01-Jun-2023 07:40:00, 0.2, 90, 3.13
01-Jun-2023 07:50:00, 0.2, 87, 2.98
01-Jun-2023 08:00:00, 0.2, 88, 3.34
01-Jun-2023 08:10:00, 0.2, 88, 3.09
01-Jun-2023 08:20:00, 0.2, 88, 3.16
01-Jun-2023 08:30:00, 0.2, 91, 3.19
01-Jun-2023 08:40:00, 0.2, 80, 3.06
01-Jun-2023 08:50:00, 0.2, 58, 2.87
01-Jun-2023 09:00:00, 0.2, 79, 3.11
01-Jun-2023 09:10:00, 0.2, 86, 3.16
01-Jun-2023 09:20:00, 0.2, 90, 3.06
01-Jun-2023 09:30:00, 0.2, 85, 3.01
01-Jun-2023 09:40:00, 0.2, 86, 2.97
01-Jun-2023 09:50:00, 0.2, 82, 2.98
01-Jun-2023 10:00:00, 0.2, 80, 2.70
01-Jun-2023 10:10:00, 0.2, 82, 2.96
01-Jun-2023 10:20:00, 0.2, 84, 2.90
01-Jun-2023 10:30:00, 0.2, 86, 2.91
01-Jun-2023 10:40:00, 0.1, 89, 2.82
01-Jun-2023 10:50:00, 0.1, 89, 2.90
01-Jun-2023 11:00:00, 0.2, 88, 2.78
01-Jun-2023 11:10:00, 0.1, 89, 3.00
01-Jun-2023 11:20:00, 0.1, 89, 2.74
01-Jun-2023 11:30:00, 0.1, 94, 2.96
01-Jun-2023 11:40:00, 0.2, 108, 2.76
01-Jun-2023 11:50:00, 0.2, 122, 2.74
01-Jun-2023 12:00:00, 0.2, 128, 2.83
01-Jun-2023 12:10:00, 0.2, 124, 1.79
01-Jun-2023 12:20:00, 0.1, 113, 2.66
01-Jun-2023 12:30:00, 0.1, 109, 1.87
01-Jun-2023 12:40:00, 0.2, 103, 1.66
01-Jun-2023 12:50:00, 0.2, 102, 1.88
01-Jun-2023 13:00:00, 0.2, 105, 1.78
01-Jun-2023 13:10:00, 0.2, 110, 1.84
01-Jun-2023 13:20:00, 0.2, 115, 2.03
01-Jun-2023 13:30:00, 0.2, 119, 2.12
01-Jun-2023 13:40:00, 0.2, 114, 2.13
01-Jun-2023 13:50:00, 0.2, 106, 2.00
01-Jun-2023 14:00:00, 0.2, 89, 4.01
01-Jun-2023 14:10:00, 0.2, 89, 4.37
01-Jun-2023 14:20:00, 0.2, 91, 1.94
01-Jun-2023 14:30:00, 0.2, 95, 2.01
01-Jun-2023 14:40:00, 0.2, 102, 1.97
01-Jun-2023 14:50:00, 0.2, 85, 4.12
01-Jun-2023 15:00:00, 0.2, 85, 2.11
01-Jun-2023 15:10:00, 0.1, 91, 1.91
01-Jun-2023 15:20:00, 0.1, 92, 2.52
01-Jun-2023 15:30:00, 0.1, 107, 2.52
01-Jun-2023 15:40:00, 0.1, 91, 2.50
01-Jun-2023 15:50:00, 0.1, 91, 2.63
01-Jun-2023 16:00:00, 0.1, 91, 2.57
01-Jun-2023 16:10:00, 0.1, 87, 2.42
01-Jun-2023 16:20:00, 0.1, 89, 2.65
01-Jun-2023 16:30:00, 0.1, 87, 2.48
01-Jun-2023 16:40:00, 0.2, 90, 2.96
01-Jun-2023 16:50:00, 0.2, 94, 3.19
01-Jun-2023 17:00:00, 0.2, 97, 3.11
01-Jun-2023 17:10:00, 0.2, 98, 3.25
01-Jun-2023 17:20:00, 0.2, 100, 2.83
01-Jun-2023 17:30:00, 0.2, 94, 2.90
01-Jun-2023 17:40:00, 0.2, 87, 3.03
01-Jun-2023 17:50:00, 0.2, 87, 2.90
01-Jun-2023 18:00:00, 0.2, 88, 2.91
01-Jun-2023 18:10:00, 0.1, 83, 2.80
01-Jun-2023 18:20:00, 0.2, 82, 2.98
01-Jun-2023 18:30:00, 0.2, 78, 3.08
01-Jun-2023 18:40:00, 0.2, 79, 3.02
01-Jun-2023 18:50:00, 0.2, 82, 3.03
01-Jun-2023 19:00:00, 0.1, 85, 2.67
01-Jun-2023 19:10:00, 0.2, 90, 3.00
01-Jun-2023 19:20:00, 0.2, 94, 1.75
01-Jun-2023 19:30:00, 0.2, 95, 3.18
01-Jun-2023 19:40:00, 0.2, 99, 1.79
01-Jun-2023 19:50:00, 0.2, 88, 1.98
01-Jun-2023 20:00:00, 0.2, 85, 2.11
01-Jun-2023 20:10:00, 0.2, 85, 2.10
01-Jun-2023 20:20:00, 0.2, 90, 2.40
01-Jun-2023 20:30:00, 0.2, 95, 2.26
01-Jun-2023 20:40:00, 0.2, 109, 2.06
01-Jun-2023 20:50:00, 0.2, 110, 2.15
01-Jun-2023 21:00:00, 0.2, 110, 1.95
01-Jun-2023 21:10:00, 0.2, 109, 3.60
01-Jun-2023 21:20:00, 0.2, 100, 1.80
01-Jun-2023 21:30:00, 0.2, 88, 1.76
01-Jun-2023 21:40:00, 0.2, 89, 1.86
01-Jun-2023 21:50:00, 0.2, 86, 1.97
01-Jun-2023 22:00:00, 0.2, 90, 2.08
01-Jun-2023 22:10:00, 0.3, 79, 1.97
01-Jun-2023 22:20:00, 0.3, 56, 2.15
01-Jun-2023 22:30:00, 0.3, 45, 2.22
01-Jun-2023 22:40:00, 0.4, 49, 2.48
01-Jun-2023 22:50:00, 0.4, 53, 2.80
01-Jun-2023 23:00:00, 0.4, 53, 2.70
01-Jun-2023 23:10:00, 0.4, 46, 2.93
01-Jun-2023 23:20:00, 0.4, 49, 2.75
01-Jun-2023 23:30:00, 0.4, 57, 2.97
01-Jun-2023 23:40:00, 0.4, 60, 3.02
01-Jun-2023 23:50:00, 0.4, 64, 2.59
02-Jun-2023 00:00:00, 0.4, 69, 3.08
02-Jun-2023 00:10:00, 0.4, 64, 3.02
02-Jun-2023 00:20:00, 0.4, 69, 3.28
02-Jun-2023 00:30:00, 0.4, 64, 2.96
02-Jun-2023 00:40:00, 0.4, 67, 3.00
02-Jun-2023 00:50:00, 0.4, 68, 3.21
02-Jun-2023 01:00:00, 0.4, 65, 3.28
02-Jun-2023 01:10:00, 0.4, 57, 3.28
02-Jun-2023 01:20:00, 0.4, 56, 3.39
02-Jun-2023 01:30:00, 0.4, 62, 3.45
02-Jun-2023 01:40:00, 0.4, 62, 3.69
02-Jun-2023 01:50:00, 0.4, 66, 3.11
02-Jun-2023 02:00:00, 0.4, 76, 3.53
02-Jun-2023 02:10:00, 0.4, 80, 3.38
02-Jun-2023 02:20:00, 0.4, 73, 3.56
02-Jun-2023 02:30:00, 0.4, 75, 3.43
02-Jun-2023 02:40:00, 0.3, 71, 3.25
02-Jun-2023 02:50:00, 0.3, 71, 3.32
02-Jun-2023 03:00:00, 0.3, 69, 3.51
02-Jun-2023 03:10:00, 0.3, 64, 3.26
02-Jun-2023 03:20:00, 0.3, 76, 3.26
02-Jun-2023 03:30:00, 0.3, 76, 3.32
02-Jun-2023 03:40:00, 0.3, 78, 3.16
02-Jun-2023 03:50:00, 0.3, 82, 3.32
02-Jun-2023 04:00:00, 0.3, 77, 3.08
02-Jun-2023 04:10:00, 0.3, 76, 3.34
02-Jun-2023 04:20:00, 0.3, 79, 3.26
02-Jun-2023 04:30:00, 0.3, 95, 3.16
02-Jun-2023 04:40:00, 0.3, 90, 3.09
02-Jun-2023 04:50:00, 0.3, 83, 3.08
02-Jun-2023 05:00:00, 0.4, 80, 3.23
02-Jun-2023 05:10:00, 0.3, 78, 3.16
02-Jun-2023 05:20:00, 0.3, 72, 3.02
02-Jun-2023 05:30:00, 0.3, 67, 2.90
02-Jun-2023 05:40:00, 0.3, 69, 3.08
02-Jun-2023 05:50:00, 0.3, 68, 3.38
02-Jun-2023 06:00:00, 0.3, 68, 3.18
02-Jun-2023 06:10:00, 0.3, 85, 3.28
02-Jun-2023 06:20:00, 0.3, 84, 3.28
02-Jun-2023 06:30:00, 0.3, 84, 3.08
02-Jun-2023 06:40:00, 0.3, 82, 3.28
02-Jun-2023 06:50:00, 0.3, 80, 3.00
02-Jun-2023 07:00:00, 0.3, 86, 3.34
02-Jun-2023 07:10:00, 0.3, 87, 3.18
02-Jun-2023 07:20:00, 0.3, 72, 3.23
02-Jun-2023 07:30:00, 0.3, 73, 3.00
02-Jun-2023 07:40:00, 0.3, 74, 3.25
02-Jun-2023 07:50:00, 0.3, 73, 3.39
02-Jun-2023 08:00:00, 0.3, 70, 3.39
02-Jun-2023 08:10:00, 0.3, 64, 3.38
02-Jun-2023 08:20:00, 0.3, 67, 3.19
02-Jun-2023 08:30:00, 0.3, 65, 3.34
02-Jun-2023 08:40:00, 0.3, 69, 3.32
02-Jun-2023 08:50:00, 0.3, 64, 3.38
02-Jun-2023 09:00:00, 0.3, 67, 3.35
02-Jun-2023 09:10:00, 0.3, 75, 3.71
02-Jun-2023 09:20:00, 0.3, 77, 3.62
02-Jun-2023 09:30:00, 0.3, 78, 3.51
02-Jun-2023 09:40:00, 0.3, 79, 3.39
02-Jun-2023 09:50:00, 0.3, 76, 3.41
02-Jun-2023 10:00:00, 0.3, 78, 3.51
02-Jun-2023 10:10:00, 0.3, 79, 3.39
02-Jun-2023 10:20:00, 0.3, 74, 3.39
02-Jun-2023 10:30:00, 0.3, 75, 3.13
02-Jun-2023 10:40:00, 0.3, 75, 3.49
02-Jun-2023 10:50:00, 0.3, 75, 3.39
02-Jun-2023 11:00:00, 0.3, 86, 3.09
02-Jun-2023 11:10:00, 0.3, 86, 3.18
02-Jun-2023 11:20:00, 0.3, 80, 3.45
02-Jun-2023 11:30:00, 0.3, 68, 3.43
02-Jun-2023 11:40:00, 0.3, 64, 3.28
02-Jun-2023 11:50:00, 0.2, 78, 3.25
02-Jun-2023 12:00:00, 0.3, 79, 3.09
02-Jun-2023 12:10:00, 0.2, 81, 3.37
02-Jun-2023 12:20:00, 0.2, 83, 2.94
02-Jun-2023 12:30:00, 0.2, 97, 3.45
02-Jun-2023 12:40:00, 0.2, 94, 3.23
02-Jun-2023 12:50:00, 0.2, 89, 3.23
02-Jun-2023 13:00:00, 0.2, 89, 3.25
02-Jun-2023 13:10:00, 0.2, 92, 3.21
02-Jun-2023 13:20:00, 0.2, 88, 3.34
02-Jun-2023 13:30:00, 0.2, 80, 3.06
02-Jun-2023 13:40:00, 0.2, 82, 2.94
02-Jun-2023 13:50:00, 0.2, 81, 3.13
02-Jun-2023 14:00:00, 0.2, 84, 2.80
02-Jun-2023 14:10:00, 0.2, 85, 3.41
02-Jun-2023 14:20:00, 0.2, 89, 3.06
02-Jun-2023 14:30:00, 0.2, 89, 3.21
02-Jun-2023 14:40:00, 0.2, 87, 3.25
02-Jun-2023 14:50:00, 0.2, 84, 3.26
02-Jun-2023 15:00:00, 0.2, 86, 3.39
02-Jun-2023 15:10:00, 0.2, 87, 3.35
02-Jun-2023 15:20:00, 0.2, 86, 3.21
02-Jun-2023 15:30:00, 0.2, 88, 2.99
02-Jun-2023 15:40:00, 0.2, 87, 3.09
02-Jun-2023 15:50:00, 0.2, 87, 3.35
02-Jun-2023 16:00:00, 0.2, 88, 2.93
02-Jun-2023 16:10:00, 0.2, 96, 3.18
02-Jun-2023 16:20:00, 0.2, 97, 3.05
02-Jun-2023 16:30:00, 0.2, 99, 2.87
02-Jun-2023 16:40:00, 0.2, 105, 3.14
02-Jun-2023 16:50:00, 0.2, 106, 3.09
02-Jun-2023 17:00:00, 0.1, 105, 2.69
02-Jun-2023 17:10:00, 0.2, 100, 3.03
02-Jun-2023 17:20:00, 0.1, 96, 2.94
02-Jun-2023 17:30:00, 0.1, 98, 2.91
02-Jun-2023 17:40:00, 0.2, 101, 2.91
02-Jun-2023 17:50:00, 0.1, 99, 2.87
02-Jun-2023 18:00:00, 0.2, 97, 2.96
02-Jun-2023 18:10:00, 0.2, 96, 3.18
02-Jun-2023 18:20:00, 0.2, 98, 3.25
02-Jun-2023 18:30:00, 0.2, 94, 2.86
02-Jun-2023 18:40:00, 0.2, 90, 2.91
02-Jun-2023 18:50:00, 0.2, 89, 3.16
02-Jun-2023 19:00:00, 0.2, 87, 2.67
02-Jun-2023 19:10:00, 0.2, 81, 2.90
02-Jun-2023 19:20:00, 0.2, 79, 2.93
02-Jun-2023 19:30:00, 0.2, 76, 3.03
02-Jun-2023 19:40:00, 0.2, 80, 2.86
02-Jun-2023 19:50:00, 0.2, 87, 2.97
02-Jun-2023 20:00:00, 0.2, 84, 3.00
02-Jun-2023 20:10:00, 0.2, 77, 2.75
02-Jun-2023 20:20:00, 0.2, 84, 3.02
02-Jun-2023 20:30:00, 0.2, 84, 3.00
02-Jun-2023 20:40:00, 0.2, 80, 3.03
02-Jun-2023 20:50:00, 0.2, 83, 3.26
02-Jun-2023 21:00:00, 0.2, 80, 3.39
02-Jun-2023 21:10:00, 0.2, 71, 3.00
02-Jun-2023 21:20:00, 0.2, 71, 3.11
02-Jun-2023 21:30:00, 0.3, 67, 3.32
02-Jun-2023 21:40:00, 0.3, 67, 3.39
02-Jun-2023 21:50:00, 0.3, 68, 3.08
02-Jun-2023 22:00:00, 0.3, 66, 3.30
02-Jun-2023 22:10:00, 0.3, 67, 3.54
02-Jun-2023 22:20:00, 0.3, 69, 3.39
02-Jun-2023 22:30:00, 0.4, 71, 3.41
02-Jun-2023 22:40:00, 0.4, 75, 3.53
02-Jun-2023 22:50:00, 0.4, 75, 3.43
02-Jun-2023 23:00:00, 0.5, 71, 3.39
02-Jun-2023 23:10:00, 0.4, 69, 3.78
02-Jun-2023 23:20:00, 0.4, 67, 3.81
02-Jun-2023 23:30:00, 0.4, 60, 3.39
02-Jun-2023 23:40:00, 0.4, 64, 3.39
02-Jun-2023 23:50:00, 0.4, 63, 3.47
03-Jun-2023 00:00:00, 0.4, 60, 3.35
03-Jun-2023 00:10:00, 0.4, 62, 3.58
03-Jun-2023 00:20:00, 0.3, 53, 3.45
03-Jun-2023 00:30:00, 0.4, 50, 3.62
03-Jun-2023 00:40:00, 0.3, 50, 3.54
03-Jun-2023 00:50:00, 0.3, 53, 3.25
03-Jun-2023 01:00:00, 0.4, 58, 3.28
03-Jun-2023 01:10:00, 0.4, 59, 3.39
03-Jun-2023 01:20:00, 0.4, 54, 3.71
03-Jun-2023 01:30:00, 0.4, 44, 3.67
03-Jun-2023 01:40:00, 0.4, 47, 3.73
03-Jun-2023 01:50:00, 0.3, 62, 3.49
03-Jun-2023 02:00:00, 0.3, 67, 3.76
03-Jun-2023 02:10:00, 0.4, 75, 3.58
03-Jun-2023 02:20:00, 0.3, 77, 3.67
03-Jun-2023 02:30:00, 0.4, 74, 3.69
03-Jun-2023 02:40:00, 0.3, 67, 3.38
03-Jun-2023 02:50:00, 0.3, 61, 3.71
03-Jun-2023 03:00:00, 0.3, 62, 3.38
03-Jun-2023 03:10:00, 0.3, 69, 3.30
03-Jun-2023 03:20:00, 0.3, 73, 3.43
03-Jun-2023 03:30:00, 0.3, 66, 3.58
03-Jun-2023 03:40:00, 0.3, 56, 3.49
03-Jun-2023 03:50:00, 0.3, 52, 3.26
03-Jun-2023 04:00:00, 0.3, 50, 3.21
03-Jun-2023 04:10:00, 0.3, 56, 3.58
03-Jun-2023 04:20:00, 0.3, 68, 3.45
03-Jun-2023 04:30:00, 0.3, 70, 3.32
03-Jun-2023 04:40:00, 0.3, 70, 3.28
03-Jun-2023 04:50:00, 0.3, 73, 3.14
03-Jun-2023 05:00:00, 0.3, 81, 3.05
03-Jun-2023 05:10:00, 0.3, 90, 3.13
03-Jun-2023 05:20:00, 0.3, 94, 3.09
03-Jun-2023 05:30:00, 0.3, 97, 3.18
03-Jun-2023 05:40:00, 0.3, 88, 3.25
03-Jun-2023 05:50:00, 0.3, 87, 3.18
03-Jun-2023 06:00:00, 0.2, 84, 2.79
03-Jun-2023 06:10:00, 0.2, 83, 3.11
03-Jun-2023 06:20:00, 0.2, 93, 3.28
03-Jun-2023 06:30:00, 0.2, 101, 3.24
03-Jun-2023 06:40:00, 0.2, 94, 3.16
03-Jun-2023 06:50:00, 0.2, 87, 3.19
03-Jun-2023 07:00:00, 0.2, 89, 3.08
03-Jun-2023 07:10:00, 0.2, 94, 2.80
03-Jun-2023 07:20:00, 0.2, 96, 3.00
03-Jun-2023 07:30:00, 0.2, 92, 2.98
03-Jun-2023 07:40:00, 0.2, 90, 3.16
03-Jun-2023 07:50:00, 0.2, 96, 3.18
03-Jun-2023 08:00:00, 0.2, 106, 2.88
03-Jun-2023 08:10:00, 0.2, 111, 2.76
03-Jun-2023 08:20:00, 0.2, 110, 2.70
03-Jun-2023 08:30:00, 0.2, 115, 2.91
03-Jun-2023 08:40:00, 0.2, 111, 2.98
03-Jun-2023 08:50:00, 0.2, 102, 2.65
03-Jun-2023 09:00:00, 0.2, 100, 3.02
03-Jun-2023 09:10:00, 0.2, 94, 2.95
03-Jun-2023 09:20:00, 0.2, 72, 2.81
03-Jun-2023 09:30:00, 0.2, 51, 3.14
03-Jun-2023 09:40:00, 0.2, 54, 3.18
03-Jun-2023 09:50:00, 0.2, 68, 2.71
03-Jun-2023 10:00:00, 0.2, 84, 3.03
03-Jun-2023 10:10:00, 0.2, 102, 2.96
03-Jun-2023 10:20:00, 0.1, 114, 2.83
03-Jun-2023 10:30:00, 0.2, 118, 2.85
03-Jun-2023 10:40:00, 0.1, 118, 2.80
03-Jun-2023 10:50:00, 0.1, 117, 3.09
03-Jun-2023 11:00:00, 0.2, 116, 3.03
03-Jun-2023 11:10:00, 0.2, 117, 2.75
03-Jun-2023 11:20:00, 0.1, 119, 3.00
03-Jun-2023 11:30:00, 0.1, 117, 3.21
03-Jun-2023 11:40:00, 0.1, 117, 2.70
03-Jun-2023 11:50:00, 0.1, 118, 3.21
03-Jun-2023 12:00:00, 0.1, 116, 2.93
03-Jun-2023 12:10:00, 0.1, 116, 3.03
03-Jun-2023 12:20:00, 0.1, 119, 2.50
03-Jun-2023 12:30:00, 0.1, 126, 2.95
03-Jun-2023 12:40:00, 0.1, 127, 2.90
03-Jun-2023 12:50:00, 0.1, 123, 2.96
03-Jun-2023 13:00:00, 0.1, 123, 2.60
03-Jun-2023 13:10:00, 0.1, 117, 3.09
03-Jun-2023 13:20:00, 0.1, 114, 2.91
03-Jun-2023 13:30:00, 0.1, 117, 3.00
03-Jun-2023 13:40:00, 0.1, 114, 2.84
03-Jun-2023 13:50:00, 0.1, 112, 3.08
03-Jun-2023 14:00:00, 0.1, 110, 2.59
03-Jun-2023 14:10:00, 0.1, 104, 3.11
03-Jun-2023 14:20:00, 0.1, 107, 3.26
03-Jun-2023 14:30:00, 0.1, 107, 3.13
03-Jun-2023 14:40:00, 0.1, 110, 2.98
03-Jun-2023 14:50:00, 0.1, 112, 2.91
03-Jun-2023 15:00:00, 0.1, 110, 2.98
03-Jun-2023 15:10:00, 0.1, 109, 2.65
03-Jun-2023 15:20:00, 0.1, 108, 3.88
03-Jun-2023 15:30:00, 0.1, 110, 4.24
03-Jun-2023 15:40:00, 0.1, 116, 4.21
03-Jun-2023 15:50:00, 0.1, 118, 3.02
03-Jun-2023 16:00:00, 0.1, 116, 2.94
03-Jun-2023 16:10:00, 0.1, 118, 2.94
03-Jun-2023 16:20:00, 0.1, 120, 4.15
03-Jun-2023 16:30:00, 0.1, 116, 4.21
03-Jun-2023 16:40:00, 0.1, 113, 2.52
03-Jun-2023 16:50:00, 0.1, 108, 2.57
03-Jun-2023 17:00:00, 0.1, 108, 2.83
03-Jun-2023 17:10:00, 0.1, 105, 2.35
03-Jun-2023 17:20:00, 0.1, 108, 2.83
03-Jun-2023 17:30:00, 0.1, 104, 2.48
03-Jun-2023 17:40:00, 0.1, 102, 2.90
03-Jun-2023 17:50:00, 0.1, 104, 2.45
03-Jun-2023 18:00:00, 0.1, 102, 2.50
03-Jun-2023 18:10:00, 0.1, 100, 2.65
03-Jun-2023 18:20:00, 0.1, 98, 2.75
03-Jun-2023 18:30:00, 0.1, 96, 1.46
03-Jun-2023 18:40:00, 0.1, 94, 1.68
03-Jun-2023 18:50:00, 0.1, 91, 1.62
03-Jun-2023 19:00:00, 0.1, 83, 1.64
03-Jun-2023 19:10:00, 0.1, 77, 1.46
03-Jun-2023 19:20:00, 0.1, 79, 1.59
03-Jun-2023 19:30:00, 0.1, 81, 1.52
03-Jun-2023 19:40:00, 0.1, 82, 2.95
03-Jun-2023 19:50:00, 0.1, 84, 1.62
03-Jun-2023 20:00:00, 0.1, 86, 1.60
03-Jun-2023 20:10:00, 0.1, 91, 1.69
03-Jun-2023 20:20:00, 0.1, 102, 1.62
03-Jun-2023 20:30:00, 0.1, 103, 1.79
03-Jun-2023 20:40:00, 0.1, 106, 1.72
03-Jun-2023 20:50:00, 0.1, 109, 1.67
03-Jun-2023 21:00:00, 0.1, 104, 1.69
03-Jun-2023 21:10:00, 0.1, 105, 1.68
03-Jun-2023 21:20:00, 0.1, 109, 1.75
03-Jun-2023 21:30:00, 0.1, 116, 1.63
03-Jun-2023 21:40:00, 0.1, 115, 1.73
03-Jun-2023 21:50:00, 0.1, 108, 2.81
03-Jun-2023 22:00:00, 0.1, 106, 1.57
03-Jun-2023 22:10:00, 0.1, 109, 1.86
03-Jun-2023 22:20:00, 0.1, 105, 2.58
03-Jun-2023 22:30:00, 0.1, 98, 3.38
03-Jun-2023 22:40:00, 0.1, 98, 2.26
03-Jun-2023 22:50:00, 0.1, 97, 2.83
03-Jun-2023 23:00:00, 0.1, 87, 2.38
03-Jun-2023 23:10:00, 0.1, 84, 2.85
03-Jun-2023 23:20:00, 0.1, 89, 2.29
03-Jun-2023 23:30:00, 0.1, 81, 3.06
03-Jun-2023 23:40:00, 0.1, 73, 3.09
03-Jun-2023 23:50:00, 0.1, 75, 2.90
04-Jun-2023 00:00:00, 0.1, 77, 3.26
04-Jun-2023 00:10:00, 0.1, 78, 3.18
04-Jun-2023 00:20:00, 0.1, 78, 3.28
04-Jun-2023 00:30:00, 0.1, 63, 3.05
04-Jun-2023 00:40:00, 0.1, 62, 2.84
04-Jun-2023 00:50:00, 0.2, 66, 3.13
04-Jun-2023 01:00:00, 0.2, 61, 2.65
04-Jun-2023 01:10:00, 0.2, 62, 2.63
04-Jun-2023 01:20:00, 0.2, 64, 2.81
04-Jun-2023 01:30:00, 0.2, 63, 3.02
04-Jun-2023 01:40:00, 0.2, 66, 3.11
04-Jun-2023 01:50:00, 0.2, 71, 3.21
04-Jun-2023 02:00:00, 0.2, 78, 3.19
04-Jun-2023 02:10:00, 0.2, 86, 3.02
04-Jun-2023 02:20:00, 0.2, 84, 2.64
04-Jun-2023 02:30:00, 0.2, 84, 2.90
04-Jun-2023 02:40:00, 0.2, 85, 2.81
04-Jun-2023 02:50:00, 0.3, 80, 3.02
04-Jun-2023 03:00:00, 0.2, 68, 3.05
04-Jun-2023 03:10:00, 0.2, 72, 3.16
04-Jun-2023 03:20:00, 0.2, 77, 3.00
04-Jun-2023 03:30:00, 0.2, 82, 2.91
04-Jun-2023 03:40:00, 0.2, 82, 2.96
04-Jun-2023 03:50:00, 0.2, 78, 3.18
04-Jun-2023 04:00:00, 0.2, 70, 2.87
04-Jun-2023 04:10:00, 0.2, 97, 3.88
04-Jun-2023 04:20:00, 0.2, 88, 3.03
04-Jun-2023 04:30:00, 0.2, 81, 2.76
04-Jun-2023 04:40:00, 0.2, 87, 3.06
04-Jun-2023 04:50:00, 0.2, 101, 3.23
04-Jun-2023 05:00:00, 0.2, 110, 2.90
04-Jun-2023 05:10:00, 0.2, 114, 3.00
04-Jun-2023 05:20:00, 0.2, 116, 3.25
04-Jun-2023 05:30:00, 0.2, 111, 2.77
04-Jun-2023 05:40:00, 0.2, 103, 2.97
04-Jun-2023 05:50:00, 0.2, 99, 2.85
04-Jun-2023 06:00:00, 0.2, 102, 2.62
04-Jun-2023 06:10:00, 0.2, 113, 2.94
04-Jun-2023 06:20:00, 0.2, 116, 3.02
04-Jun-2023 06:30:00, 0.2, 108, 2.98
04-Jun-2023 06:40:00, 0.2, 107, 2.93
04-Jun-2023 06:50:00, 0.2, 113, 3.09
04-Jun-2023 07:00:00, 0.1, 118, 3.03
04-Jun-2023 07:10:00, 0.1, 109, 2.77
04-Jun-2023 07:20:00, 0.1, 101, 2.69
04-Jun-2023 07:30:00, 0.1, 91, 2.88
04-Jun-2023 07:40:00, 0.1, 85, 3.03
04-Jun-2023 07:50:00, 0.1, 83, 2.84
04-Jun-2023 08:00:00, 0.1, 80, 2.78
04-Jun-2023 08:10:00, 0.1, 76, 2.96
04-Jun-2023 08:20:00, 0.1, 94, 2.53
04-Jun-2023 08:30:00, 0.1, 100, 2.72
04-Jun-2023 08:40:00, 0.1, 112, 2.67
04-Jun-2023 08:50:00, 0.1, 121, 3.03
04-Jun-2023 09:00:00, 0.1, 114, 2.83
04-Jun-2023 09:10:00, 0.1, 110, 2.55
04-Jun-2023 09:20:00, 0.1, 112, 2.56
04-Jun-2023 09:30:00, 0.1, 104, 2.85
04-Jun-2023 09:40:00, 0.1, 94, 2.34
04-Jun-2023 09:50:00, 0.1, 90, 2.14
04-Jun-2023 10:00:00, 0.1, 84, 2.11
04-Jun-2023 10:10:00, 0.1, 80, 2.40
04-Jun-2023 10:20:00, 0.1, 77, 2.54
04-Jun-2023 10:30:00, 0.1, 78, 2.54
04-Jun-2023 10:40:00, 0.1, 81, 2.65
04-Jun-2023 10:50:00, 0.1, 85, 2.14
04-Jun-2023 11:00:00, 0.1, 86, 2.63
04-Jun-2023 11:10:00, 0.1, 88, 2.63
04-Jun-2023 11:20:00, 0.1, 82, 2.42
04-Jun-2023 11:30:00, 0.1, 92, 2.59
04-Jun-2023 11:40:00, 0.1, 73, 1.89
04-Jun-2023 11:50:00, 0.1, 59, 1.96
04-Jun-2023 12:00:00, 0.1, 63, 2.72
04-Jun-2023 12:10:00, 0.1, 77, 2.61
04-Jun-2023 12:20:00, 0.1, 81, 2.80
04-Jun-2023 12:30:00, 0.1, 254, 3.37
04-Jun-2023 12:40:00, 0.1, 292, 3.35
04-Jun-2023 12:50:00, 0.1, 287, 3.34
04-Jun-2023 13:00:00, 0.1, 90, 3.45
04-Jun-2023 13:10:00, 0.1, 21, 2.62
04-Jun-2023 13:20:00, 0.1, 32, 4.40
04-Jun-2023 13:30:00, 0.1, 238, 3.73
04-Jun-2023 13:40:00, 0.1, 301, 3.99
04-Jun-2023 13:50:00, 0.1, 70, 4.47
04-Jun-2023 14:00:00, 0.1, 84, 2.12
04-Jun-2023 14:10:00, 0.1, 98, 3.71
04-Jun-2023 14:20:00, 0.0, 111, 3.69
04-Jun-2023 14:30:00, 0.1, 115, 3.64
04-Jun-2023 14:40:00, 0.0, 114, 2.77
04-Jun-2023 14:50:00, 0.0, 114, 2.65
04-Jun-2023 15:00:00, 0.0, 111, 2.79
04-Jun-2023 15:10:00, 0.0, 91, 2.67
04-Jun-2023 15:20:00, 0.1, 92, 2.25
04-Jun-2023 15:30:00, 0.1, 56, 1.54
04-Jun-2023 15:40:00, 0.1, 184, 4.18
04-Jun-2023 15:50:00, 0.0, 144, 4.37
04-Jun-2023 16:00:00, 0.0, 142, 4.37
04-Jun-2023 16:10:00, 0.1, 84, 3.03
04-Jun-2023 16:20:00, 0.1, 115, 3.83
04-Jun-2023 16:30:00, 0.0, 121, 3.71
04-Jun-2023 16:40:00, 0.1, 148, 4.12
04-Jun-2023 16:50:00, 0.1, 156, 4.30
04-Jun-2023 17:00:00, 0.1, 133, 4.30
04-Jun-2023 17:10:00, 0.1, 129, 4.27
04-Jun-2023 17:20:00, 0.1, 128, 4.27
04-Jun-2023 17:30:00, 0.0, 121, 4.21
04-Jun-2023 17:40:00, 0.0, 109, 4.27
04-Jun-2023 17:50:00, 0.1, 101, 4.21
04-Jun-2023 18:00:00, 0.0, 105, 4.33
04-Jun-2023 18:10:00, 0.0, 103, 3.99
04-Jun-2023 18:20:00, 0.0, 95, 4.40
04-Jun-2023 18:30:00, 0.0, 108, 4.37
04-Jun-2023 18:40:00, 0.1, 86, 3.64
04-Jun-2023 18:50:00, 0.1, 87, 3.91
04-Jun-2023 19:00:00, 0.1, 105, 4.30
04-Jun-2023 19:10:00, 0.1, 101, 4.21
04-Jun-2023 19:20:00, 0.1, 96, 4.15
04-Jun-2023 19:30:00, 0.1, 19, 4.24
04-Jun-2023 19:40:00, 0.1, 69, 4.24
04-Jun-2023 19:50:00, 0.1, 91, 4.12
04-Jun-2023 20:00:00, 0.1, 236, 4.15
04-Jun-2023 20:10:00, 0.1, 255, 3.86
04-Jun-2023 20:20:00, 0.1, 216, 3.91
04-Jun-2023 20:30:00, 0.1, 91, 4.12
04-Jun-2023 20:40:00, 0.1, 69, 4.10
04-Jun-2023 20:50:00, 0.0, 260, 3.62
04-Jun-2023 21:00:00, 0.0, 318, 4.21
04-Jun-2023 21:10:00, 0.0, 69, 4.12
04-Jun-2023 21:20:00, 0.0, 6, 4.18
04-Jun-2023 21:30:00, 0.0, 25, 4.15
04-Jun-2023 21:40:00, 0.0, 279, 3.96
04-Jun-2023 21:50:00, 0.0, 281, 4.12
04-Jun-2023 22:00:00, 0.0, 275, 2.36
04-Jun-2023 22:10:00, 0.0, 259, 4.18
04-Jun-2023 22:20:00, 0.0, 85, 4.18
04-Jun-2023 22:30:00, 0.0, 46, 4.18
04-Jun-2023 22:40:00, 0.1, 105, 3.32
04-Jun-2023 22:50:00, 0.1, 81, 4.50
04-Jun-2023 23:00:00, 0.1, 76, 4.50
04-Jun-2023 23:10:00, 0.1, 78, 4.21
04-Jun-2023 23:20:00, 0.1, 103, 4.21
04-Jun-2023 23:30:00, 0.0, 53, 4.57
04-Jun-2023 23:40:00, 0.0, 48, 4.47
04-Jun-2023 23:50:00, 0.1, 270, 3.08
05-Jun-2023 00:00:00, 0.1, 256, 3.73
05-Jun-2023 00:10:00, 0.1, 84, 4.57
05-Jun-2023 00:20:00, 0.0, 75, 4.47
05-Jun-2023 00:30:00, 0.1, 222, 4.18
05-Jun-2023 00:40:00, 0.1, 236, 4.33
05-Jun-2023 00:50:00, 0.1, 72, 1.60
05-Jun-2023 01:00:00, 0.2, 80, 1.77
05-Jun-2023 01:10:00, 0.3, 80, 2.01
05-Jun-2023 01:20:00, 0.3, 85, 2.30
05-Jun-2023 01:30:00, 0.3, 66, 2.33
05-Jun-2023 01:40:00, 0.3, 73, 2.47
05-Jun-2023 01:50:00, 0.3, 73, 2.46
05-Jun-2023 02:00:00, 0.3, 71, 2.56
05-Jun-2023 02:10:00, 0.3, 69, 2.59
05-Jun-2023 02:20:00, 0.3, 73, 2.55
05-Jun-2023 02:30:00, 0.3, 82, 2.48
05-Jun-2023 02:40:00, 0.3, 71, 2.59
05-Jun-2023 02:50:00, 0.3, 63, 2.59
05-Jun-2023 03:00:00, 0.3, 63, 2.56
05-Jun-2023 03:10:00, 0.2, 72, 2.63
05-Jun-2023 03:20:00, 0.2, 68, 2.56
05-Jun-2023 03:30:00, 0.2, 70, 2.48
05-Jun-2023 03:40:00, 0.2, 64, 2.60
05-Jun-2023 03:50:00, 0.2, 66, 2.55
05-Jun-2023 04:00:00, 0.2, 67, 2.57
05-Jun-2023 04:10:00, 0.2, 66, 2.57
05-Jun-2023 04:20:00, 0.2, 65, 2.42
05-Jun-2023 04:30:00, 0.2, 64, 2.60
05-Jun-2023 04:40:00, 0.2, 66, 2.54
05-Jun-2023 04:50:00, 0.2, 58, 2.55
05-Jun-2023 05:00:00, 0.1, 50, 2.53
05-Jun-2023 05:10:00, 0.1, 44, 2.55
05-Jun-2023 05:20:00, 0.1, 52, 2.67
05-Jun-2023 05:30:00, 0.1, 55, 2.57
05-Jun-2023 05:40:00, 0.1, 48, 2.37
05-Jun-2023 05:50:00, 0.1, 37, 2.50
05-Jun-2023 06:00:00, 0.1, 31, 2.38
05-Jun-2023 06:10:00, 0.1, 26, 2.37
05-Jun-2023 06:20:00, 0.1, 20, 2.44
05-Jun-2023 06:30:00, 0.1, 23, 2.42
05-Jun-2023 06:40:00, 0.1, 34, 2.52
05-Jun-2023 06:50:00, 0.1, 29, 2.48
05-Jun-2023 07:00:00, 0.1, 14, 2.46
05-Jun-2023 07:10:00, 0.1, 43, 2.26
05-Jun-2023 07:20:00, 0.1, 324, 2.46
05-Jun-2023 07:30:00, 0.1, 4, 2.35
05-Jun-2023 07:40:00, 0.1, 39, 2.28
05-Jun-2023 07:50:00, 0.1, 325, 2.46
05-Jun-2023 08:00:00, 0.1, 25, 2.40
05-Jun-2023 08:10:00, 0.1, 53, 2.42
05-Jun-2023 08:20:00, 0.1, 68, 2.51
05-Jun-2023 08:30:00, 0.1, 69, 2.48
05-Jun-2023 08:40:00, 0.1, 64, 2.44
05-Jun-2023 08:50:00, 0.1, 63, 2.32
05-Jun-2023 09:00:00, 0.1, 52, 2.37
05-Jun-2023 09:10:00, 0.1, 68, 2.29
05-Jun-2023 09:20:00, 0.1, 67, 2.32
05-Jun-2023 09:30:00, 0.1, 42, 2.27
05-Jun-2023 09:40:00, 0.1, 21, 2.51
05-Jun-2023 09:50:00, 0.1, 16, 2.62
05-Jun-2023 10:00:00, 0.1, 51, 2.65
05-Jun-2023 10:10:00, 0.1, 94, 2.48
05-Jun-2023 10:20:00, 0.1, 99, 2.48
05-Jun-2023 10:30:00, 0.1, 88, 2.58
05-Jun-2023 10:40:00, 0.1, 65, 2.46
05-Jun-2023 10:50:00, 0.1, 78, 2.42
05-Jun-2023 11:00:00, 0.1, 109, 2.52
05-Jun-2023 11:10:00, 0.1, 148, 3.03
05-Jun-2023 11:20:00, 0.1, 304, 2.53
05-Jun-2023 11:30:00, 0.1, 305, 2.56
05-Jun-2023 11:40:00, 0.1, 340, 2.41
05-Jun-2023 11:50:00, 0.1, 300, 2.42
05-Jun-2023 12:00:00, 0.1, 38, 3.96
05-Jun-2023 12:10:00, 0.1, 37, 4.21
05-Jun-2023 12:20:00, 0.1, 66, 4.40
05-Jun-2023 12:30:00, 0.1, 101, 4.37
05-Jun-2023 12:40:00, 0.1, 105, 1.84
05-Jun-2023 12:50:00, 0.2, 110, 1.89
05-Jun-2023 13:00:00, 0.2, 111, 1.90
05-Jun-2023 13:10:00, 0.2, 113, 2.03
05-Jun-2023 13:20:00, 0.2, 114, 2.18
05-Jun-2023 13:30:00, 0.2, 114, 2.31
05-Jun-2023 13:40:00, 0.3, 108, 2.15
05-Jun-2023 13:50:00, 0.3, 101, 2.01
05-Jun-2023 14:00:00, 0.3, 100, 2.27
05-Jun-2023 14:10:00, 0.3, 97, 2.40
05-Jun-2023 14:20:00, 0.3, 83, 2.45
05-Jun-2023 14:30:00, 0.3, 83, 2.40
05-Jun-2023 14:40:00, 0.4, 85, 2.62
05-Jun-2023 14:50:00, 0.4, 91, 2.54
05-Jun-2023 15:00:00, 0.4, 90, 2.57
05-Jun-2023 15:10:00, 0.4, 90, 2.54
05-Jun-2023 15:20:00, 0.4, 90, 2.90
05-Jun-2023 15:30:00, 0.4, 86, 2.61
05-Jun-2023 15:40:00, 0.4, 81, 2.66
05-Jun-2023 15:50:00, 0.4, 78, 2.79
05-Jun-2023 16:00:00, 0.4, 79, 2.80
05-Jun-2023 16:10:00, 0.4, 77, 3.02
05-Jun-2023 16:20:00, 0.4, 76, 2.88
05-Jun-2023 16:30:00, 0.4, 77, 3.19
05-Jun-2023 16:40:00, 0.4, 79, 3.18
05-Jun-2023 16:50:00, 0.5, 76, 2.94
05-Jun-2023 17:00:00, 0.5, 67, 3.25
05-Jun-2023 17:10:00, 0.5, 67, 3.38
05-Jun-2023 17:20:00, 0.5, 64, 3.38
05-Jun-2023 17:30:00, 0.5, 63, 3.13
05-Jun-2023 17:40:00, 0.5, 64, 3.21
05-Jun-2023 17:50:00, 0.5, 68, 3.09
05-Jun-2023 18:00:00, 0.5, 72, 3.19
05-Jun-2023 18:10:00, 0.5, 77, 3.19
05-Jun-2023 18:20:00, 0.5, 72, 3.05
05-Jun-2023 18:30:00, 0.5, 68, 3.37
05-Jun-2023 18:40:00, 0.5, 64, 3.19
05-Jun-2023 18:50:00, 0.5, 57, 3.19
05-Jun-2023 19:00:00, 0.5, 62, 3.23
05-Jun-2023 19:10:00, 0.5, 69, 3.39
05-Jun-2023 19:20:00, 0.6, 71, 3.14
05-Jun-2023 19:30:00, 0.6, 71, 3.14
05-Jun-2023 19:40:00, 0.5, 70, 3.05
05-Jun-2023 19:50:00, 0.5, 67, 3.18
05-Jun-2023 20:00:00, 0.5, 71, 3.21
05-Jun-2023 20:10:00, 0.6, 76, 3.47
05-Jun-2023 20:20:00, 0.6, 75, 3.06
05-Jun-2023 20:30:00, 0.6, 69, 3.25
05-Jun-2023 20:40:00, 0.7, 73, 3.47
05-Jun-2023 20:50:00, 0.6, 74, 3.49
05-Jun-2023 21:00:00, 0.6, 71, 3.51
05-Jun-2023 21:10:00, 0.6, 75, 3.62
05-Jun-2023 21:20:00, 0.6, 77, 3.54
05-Jun-2023 21:30:00, 0.6, 78, 3.51
05-Jun-2023 21:40:00, 0.7, 77, 3.45
05-Jun-2023 21:50:00, 0.7, 72, 3.60
05-Jun-2023 22:00:00, 0.7, 60, 3.81
05-Jun-2023 22:10:00, 0.7, 52, 3.54
05-Jun-2023 22:20:00, 0.7, 52, 3.56
05-Jun-2023 22:30:00, 0.6, 58, 3.18
05-Jun-2023 22:40:00, 0.7, 64, 3.76
05-Jun-2023 22:50:00, 0.6, 66, 3.41
05-Jun-2023 23:00:00, 0.6, 68, 3.67
05-Jun-2023 23:10:00, 0.6, 73, 3.43
05-Jun-2023 23:20:00, 0.6, 77, 3.16
05-Jun-2023 23:30:00, 0.6, 79, 3.47
05-Jun-2023 23:40:00, 0.6, 80, 3.76
05-Jun-2023 23:50:00, 0.6, 81, 3.54
06-Jun-2023 00:00:00, 0.5, 83, 3.78
06-Jun-2023 00:10:00, 0.6, 85, 3.83
06-Jun-2023 00:20:00, 0.6, 83, 3.62
06-Jun-2023 00:30:00, 0.6, 77, 3.62
06-Jun-2023 00:40:00, 0.5, 67, 3.67
06-Jun-2023 00:50:00, 0.6, 59, 3.43
06-Jun-2023 01:00:00, 0.6, 62, 3.56
06-Jun-2023 01:10:00, 0.5, 65, 3.39
06-Jun-2023 01:20:00, 0.6, 65, 3.60
06-Jun-2023 01:30:00, 0.5, 71, 3.56
06-Jun-2023 01:40:00, 0.5, 77, 3.30
06-Jun-2023 01:50:00, 0.6, 79, 3.71
06-Jun-2023 02:00:00, 0.5, 83, 3.49
06-Jun-2023 02:10:00, 0.5, 82, 3.25
06-Jun-2023 02:20:00, 0.5, 80, 3.58
06-Jun-2023 02:30:00, 0.4, 70, 3.73
06-Jun-2023 02:40:00, 0.4, 68, 3.23
06-Jun-2023 02:50:00, 0.4, 73, 3.78
06-Jun-2023 03:00:00, 0.4, 74, 3.51
06-Jun-2023 03:10:00, 0.4, 68, 3.96
06-Jun-2023 03:20:00, 0.4, 72, 3.51
06-Jun-2023 03:30:00, 0.4, 79, 3.96
06-Jun-2023 03:40:00, 0.4, 80, 4.18
06-Jun-2023 03:50:00, 0.4, 81, 3.39
06-Jun-2023 04:00:00, 0.4, 87, 4.15
06-Jun-2023 04:10:00, 0.4, 88, 3.67
06-Jun-2023 04:20:00, 0.4, 87, 4.12
06-Jun-2023 04:30:00, 0.3, 78, 4.15
06-Jun-2023 04:40:00, 0.3, 68, 4.50
06-Jun-2023 04:50:00, 0.4, 57, 4.18
06-Jun-2023 05:00:00, 0.3, 50, 4.33
06-Jun-2023 05:10:00, 0.3, 54, 3.99
06-Jun-2023 05:20:00, 0.3, 60, 4.21
06-Jun-2023 05:30:00, 0.3, 70, 4.27
06-Jun-2023 05:40:00, 0.3, 82, 4.01
06-Jun-2023 05:50:00, 0.3, 85, 4.24
06-Jun-2023 06:00:00, 0.3, 88, 4.15
06-Jun-2023 06:10:00, 0.3, 88, 4.12
06-Jun-2023 06:20:00, 0.3, 82, 4.07
06-Jun-2023 06:30:00, 0.3, 74, 4.07
06-Jun-2023 06:40:00, 0.4, 63, 3.99
06-Jun-2023 06:50:00, 0.3, 61, 3.78
06-Jun-2023 07:00:00, 0.4, 65, 3.91
06-Jun-2023 07:10:00, 0.3, 64, 2.63
06-Jun-2023 07:20:00, 0.4, 58, 4.18
06-Jun-2023 07:30:00, 0.4, 59, 4.18
06-Jun-2023 07:40:00, 0.4, 66, 2.54
06-Jun-2023 07:50:00, 0.4, 73, 2.80
06-Jun-2023 08:00:00, 0.4, 74, 2.65
06-Jun-2023 08:10:00, 0.5, 71, 2.69
06-Jun-2023 08:20:00, 0.5, 72, 3.14
06-Jun-2023 08:30:00, 0.5, 72, 3.02
06-Jun-2023 08:40:00, 0.5, 70, 3.16
06-Jun-2023 08:50:00, 0.5, 67, 3.49
06-Jun-2023 09:00:00, 0.5, 70, 3.30
06-Jun-2023 09:10:00, 0.5, 77, 3.03
06-Jun-2023 09:20:00, 0.4, 78, 3.13
06-Jun-2023 09:30:00, 0.4, 74, 3.09
06-Jun-2023 09:40:00, 0.4, 75, 3.05
06-Jun-2023 09:50:00, 0.5, 79, 2.97
06-Jun-2023 10:00:00, 0.4, 79, 3.41
06-Jun-2023 10:10:00, 0.4, 74, 3.13
06-Jun-2023 10:20:00, 0.5, 72, 3.38
06-Jun-2023 10:30:00, 0.5, 71, 3.16
06-Jun-2023 10:40:00, 0.5, 70, 3.05
06-Jun-2023 10:50:00, 0.5, 69, 2.94
06-Jun-2023 11:00:00, 0.5, 73, 3.16
06-Jun-2023 11:10:00, 0.5, 74, 3.32
06-Jun-2023 11:20:00, 0.5, 73, 3.08
06-Jun-2023 11:30:00, 0.5, 72, 3.45
06-Jun-2023 11:40:00, 0.5, 68, 3.32
06-Jun-2023 11:50:00, 0.5, 61, 3.18
06-Jun-2023 12:00:00, 0.5, 56, 3.05
06-Jun-2023 12:10:00, 0.5, 59, 3.21
06-Jun-2023 12:20:00, 0.5, 60, 3.60
06-Jun-2023 12:30:00, 0.5, 56, 3.30
06-Jun-2023 12:40:00, 0.6, 59, 3.54
06-Jun-2023 12:50:00, 0.5, 65, 3.05
06-Jun-2023 13:00:00, 0.5, 67, 3.38
06-Jun-2023 13:10:00, 0.5, 70, 3.64
06-Jun-2023 13:20:00, 0.5, 72, 3.19
06-Jun-2023 13:30:00, 0.5, 71, 3.43
06-Jun-2023 13:40:00, 0.5, 73, 3.54
06-Jun-2023 13:50:00, 0.5, 77, 3.58
06-Jun-2023 14:00:00, 0.5, 80, 3.78
06-Jun-2023 14:10:00, 0.5, 82, 3.18
06-Jun-2023 14:20:00, 0.5, 81, 3.35
06-Jun-2023 14:30:00, 0.5, 80, 3.41
06-Jun-2023 14:40:00, 0.5, 77, 3.49
06-Jun-2023 14:50:00, 0.5, 73, 3.38
06-Jun-2023 15:00:00, 0.5, 72, 3.45
06-Jun-2023 15:10:00, 0.6, 75, 3.32
06-Jun-2023 15:20:00, 0.6, 76, 3.14
06-Jun-2023 15:30:00, 0.6, 74, 3.30
06-Jun-2023 15:40:00, 0.6, 74, 3.32
06-Jun-2023 15:50:00, 0.5, 78, 3.25
06-Jun-2023 16:00:00, 0.6, 75, 3.60
06-Jun-2023 16:10:00, 0.5, 69, 3.56
06-Jun-2023 16:20:00, 0.7, 70, 3.56
06-Jun-2023 16:30:00, 0.7, 68, 3.76
06-Jun-2023 16:40:00, 0.6, 69, 3.54
06-Jun-2023 16:50:00, 0.7, 69, 3.54
06-Jun-2023 17:00:00, 0.7, 67, 3.43
06-Jun-2023 17:10:00, 0.7, 66, 3.71
06-Jun-2023 17:20:00, 0.7, 64, 3.67
06-Jun-2023 17:30:00, 0.7, 58, 3.73
06-Jun-2023 17:40:00, 0.7, 56, 3.93
06-Jun-2023 17:50:00, 0.7, 63, 3.69
06-Jun-2023 18:00:00, 0.8, 66, 4.01
06-Jun-2023 18:10:00, 0.7, 65, 3.99
06-Jun-2023 18:20:00, 0.6, 69, 3.88
06-Jun-2023 18:30:00, 0.7, 73, 3.86
06-Jun-2023 18:40:00, 0.8, 75, 3.93
06-Jun-2023 18:50:00, 0.8, 72, 3.96
06-Jun-2023 19:00:00, 0.7, 71, 3.91
06-Jun-2023 19:10:00, 0.8, 70, 3.71
06-Jun-2023 19:20:00, 0.8, 70, 4.10
06-Jun-2023 19:30:00, 0.9, 77, 3.62
06-Jun-2023 19:40:00, 0.9, 75, 4.01
06-Jun-2023 19:50:00, 0.8, 70, 3.86
06-Jun-2023 20:00:00, 0.8, 71, 4.12
06-Jun-2023 20:10:00, 0.8, 73, 4.18
06-Jun-2023 20:20:00, 0.8, 78, 3.99
06-Jun-2023 20:30:00, 0.8, 80, 4.37
06-Jun-2023 20:40:00, 0.8, 72, 3.91
06-Jun-2023 20:50:00, 0.8, 66, 4.07
06-Jun-2023 21:00:00, 0.9, 67, 4.15
06-Jun-2023 21:10:00, 0.8, 69, 3.99
06-Jun-2023 21:20:00, 0.9, 71, 4.21
06-Jun-2023 21:30:00, 0.8, 76, 3.86
06-Jun-2023 21:40:00, 0.8, 82, 4.24
06-Jun-2023 21:50:00, 0.8, 83, 3.78
06-Jun-2023 22:00:00, 0.8, 81, 3.81
06-Jun-2023 22:10:00, 0.8, 80, 3.81
06-Jun-2023 22:20:00, 0.8, 79, 3.81
06-Jun-2023 22:30:00, 0.7, 78, 4.18
06-Jun-2023 22:40:00, 0.7, 76, 3.96
06-Jun-2023 22:50:00, 0.7, 78, 4.18
06-Jun-2023 23:00:00, 0.7, 80, 3.76
06-Jun-2023 23:10:00, 0.8, 72, 4.18
06-Jun-2023 23:20:00, 0.7, 71, 3.86
06-Jun-2023 23:30:00, 0.7, 74, 4.04
06-Jun-2023 23:40:00, 0.7, 74, 3.88
06-Jun-2023 23:50:00, 0.7, 66, 3.67
07-Jun-2023 00:00:00, 0.7, 68, 3.99
07-Jun-2023 00:10:00, 0.7, 70, 3.76
07-Jun-2023 00:20:00, 0.7, 75, 4.01
07-Jun-2023 00:30:00, 0.7, 73, 3.78
07-Jun-2023 00:40:00, 0.6, 61, 4.12
07-Jun-2023 00:50:00, 0.6, 53, 3.54
07-Jun-2023 01:00:00, 0.6, 59, 3.76
07-Jun-2023 01:10:00, 0.7, 71, 3.60
07-Jun-2023 01:20:00, 0.7, 82, 3.67
07-Jun-2023 01:30:00, 0.7, 86, 3.54
07-Jun-2023 01:40:00, 0.7, 85, 3.69
07-Jun-2023 01:50:00, 0.7, 84, 3.60
07-Jun-2023 02:00:00, 0.8, 84, 4.12
07-Jun-2023 02:10:00, 0.7, 80, 3.96
07-Jun-2023 02:20:00, 0.7, 78, 4.04
07-Jun-2023 02:30:00, 0.7, 79, 3.91
07-Jun-2023 02:40:00, 0.6, 77, 3.78
07-Jun-2023 02:50:00, 0.6, 82, 3.54
07-Jun-2023 03:00:00, 0.6, 79, 4.04
07-Jun-2023 03:10:00, 0.6, 77, 3.91
07-Jun-2023 03:20:00, 0.6, 83, 4.01
07-Jun-2023 03:30:00, 0.6, 90, 4.27
07-Jun-2023 03:40:00, 0.5, 100, 3.88
07-Jun-2023 03:50:00, 0.5, 104, 3.93
07-Jun-2023 04:00:00, 0.5, 98, 4.27
07-Jun-2023 04:10:00, 0.5, 92, 3.05
07-Jun-2023 04:20:00, 0.4, 83, 3.60
07-Jun-2023 04:30:00, 0.4, 88, 3.45
07-Jun-2023 04:40:00, 0.4, 95, 4.01
07-Jun-2023 04:50:00, 0.4, 97, 3.51
07-Jun-2023 05:00:00, 0.4, 89, 3.30
07-Jun-2023 05:10:00, 0.3, 88, 4.01
07-Jun-2023 05:20:00, 0.4, 91, 3.60
07-Jun-2023 05:30:00, 0.3, 94, 3.28
07-Jun-2023 05:40:00, 0.3, 91, 3.32
07-Jun-2023 05:50:00, 0.3, 84, 3.28
07-Jun-2023 06:00:00, 0.3, 83, 3.38
07-Jun-2023 06:10:00, 0.4, 80, 3.19
07-Jun-2023 06:20:00, 0.4, 63, 2.81
07-Jun-2023 06:30:00, 0.4, 63, 2.90
07-Jun-2023 06:40:00, 0.3, 67, 2.65
07-Jun-2023 06:50:00, 0.3, 76, 2.70
07-Jun-2023 07:00:00, 0.3, 85, 2.63
07-Jun-2023 07:10:00, 0.3, 85, 2.66
07-Jun-2023 07:20:00, 0.3, 82, 2.91
07-Jun-2023 07:30:00, 0.3, 82, 2.48
07-Jun-2023 07:40:00, 0.3, 77, 2.28
07-Jun-2023 07:50:00, 0.3, 78, 2.34
07-Jun-2023 08:00:00, 0.3, 81, 3.67
07-Jun-2023 08:10:00, 0.3, 83, 2.65
07-Jun-2023 08:20:00, 0.3, 76, 2.48
07-Jun-2023 08:30:00, 0.3, 73, 2.57
07-Jun-2023 08:40:00, 0.3, 66, 2.76
07-Jun-2023 08:50:00, 0.3, 68, 2.59
07-Jun-2023 09:00:00, 0.3, 75, 3.49
07-Jun-2023 09:10:00, 0.3, 80, 2.63
07-Jun-2023 09:20:00, 0.3, 88, 2.66
07-Jun-2023 09:30:00, 0.3, 83, 2.71
07-Jun-2023 09:40:00, 0.3, 80, 2.72
07-Jun-2023 09:50:00, 0.3, 78, 2.69
07-Jun-2023 10:00:00, 0.2, 84, 2.94
07-Jun-2023 10:10:00, 0.2, 85, 2.42
07-Jun-2023 10:20:00, 0.2, 81, 2.48
07-Jun-2023 10:30:00, 0.3, 79, 2.34
07-Jun-2023 10:40:00, 0.3, 82, 2.58
07-Jun-2023 10:50:00, 0.3, 80, 2.24
07-Jun-2023 11:00:00, 0.3, 78, 2.53
07-Jun-2023 11:10:00, 0.3, 76, 2.24
07-Jun-2023 11:20:00, 0.3, 69, 2.27
07-Jun-2023 11:30:00, 0.3, 69, 2.36
07-Jun-2023 11:40:00, 0.3, 69, 2.48
07-Jun-2023 11:50:00, 0.3, 70, 2.45
07-Jun-2023 12:00:00, 0.3, 69, 2.57
07-Jun-2023 12:10:00, 0.3, 75, 2.61
07-Jun-2023 12:20:00, 0.3, 78, 2.62
07-Jun-2023 12:30:00, 0.3, 83, 2.41
07-Jun-2023 12:40:00, 0.3, 86, 2.40
07-Jun-2023 12:50:00, 0.3, 71, 2.42
07-Jun-2023 13:00:00, 0.3, 62, 2.48
07-Jun-2023 13:10:00, 0.3, 72, 2.63
07-Jun-2023 13:20:00, 0.3, 74, 2.54
07-Jun-2023 13:30:00, 0.3, 74, 2.81
07-Jun-2023 13:40:00, 0.3, 77, 2.69
07-Jun-2023 13:50:00, 0.3, 80, 3.02
07-Jun-2023 14:00:00, 0.3, 78, 2.66
07-Jun-2023 14:10:00, 0.3, 84, 2.66
07-Jun-2023 14:20:00, 0.3, 81, 2.62
07-Jun-2023 14:30:00, 0.3, 80, 2.81
07-Jun-2023 14:40:00, 0.3, 79, 2.85
07-Jun-2023 14:50:00, 0.3, 82, 2.40
07-Jun-2023 15:00:00, 0.3, 86, 2.93
07-Jun-2023 15:10:00, 0.3, 83, 2.84
07-Jun-2023 15:20:00, 0.3, 77, 2.85
07-Jun-2023 15:30:00, 0.4, 83, 2.66
07-Jun-2023 15:40:00, 0.4, 75, 3.00
07-Jun-2023 15:50:00, 0.4, 78, 2.98
07-Jun-2023 16:00:00, 0.5, 78, 3.02
07-Jun-2023 16:10:00, 0.5, 77, 3.02
07-Jun-2023 16:20:00, 0.5, 77, 3.00
07-Jun-2023 16:30:00, 0.5, 75, 3.14
07-Jun-2023 16:40:00, 0.5, 78, 2.78
07-Jun-2023 16:50:00, 0.6, 87, 2.87
07-Jun-2023 17:00:00, 0.6, 87, 3.36
07-Jun-2023 17:10:00, 0.6, 78, 3.45
07-Jun-2023 17:20:00, 0.7, 74, 3.56
07-Jun-2023 17:30:00, 0.7, 77, 3.81
07-Jun-2023 17:40:00, 0.6, 75, 3.54
07-Jun-2023 17:50:00, 0.7, 74, 3.78
07-Jun-2023 18:00:00, 0.7, 56, 3.81
07-Jun-2023 18:10:00, 0.6, 49, 3.71
07-Jun-2023 18:20:00, 0.6, 61, 3.45
07-Jun-2023 18:30:00, 0.7, 66, 3.88
07-Jun-2023 18:40:00, 0.9, 71, 4.07
07-Jun-2023 18:50:00, 0.8, 78, 4.12
07-Jun-2023 19:00:00, 0.8, 80, 3.91
07-Jun-2023 19:10:00, 0.7, 72, 3.99
07-Jun-2023 19:20:00, 0.8, 75, 4.21
07-Jun-2023 19:30:00, 0.8, 68, 4.10
07-Jun-2023 19:40:00, 0.8, 72, 4.07
07-Jun-2023 19:50:00, 0.9, 73, 4.24
07-Jun-2023 20:00:00, 1.0, 70, 4.50
07-Jun-2023 20:10:00, 1.0, 71, 4.12
07-Jun-2023 20:20:00, 0.9, 65, 4.37
07-Jun-2023 20:30:00, 0.9, 69, 3.88
07-Jun-2023 20:40:00, 0.9, 74, 3.86
07-Jun-2023 20:50:00, 1.0, 73, 4.43
07-Jun-2023 21:00:00, 1.0, 71, 4.30
07-Jun-2023 21:10:00, 1.0, 66, 4.75
07-Jun-2023 21:20:00, 0.9, 70, 4.37
07-Jun-2023 21:30:00, 0.9, 68, 4.18
07-Jun-2023 21:40:00, 0.9, 68, 4.47
07-Jun-2023 21:50:00, 0.8, 73, 4.04
07-Jun-2023 22:00:00, 0.8, 74, 4.24
07-Jun-2023 22:10:00, 0.8, 74, 4.10
07-Jun-2023 22:20:00, 0.8, 72, 4.10
07-Jun-2023 22:30:00, 0.7, 76, 4.10
07-Jun-2023 22:40:00, 0.7, 76, 4.01
07-Jun-2023 22:50:00, 0.7, 76, 4.27
07-Jun-2023 23:00:00, 0.7, 77, 2.96
07-Jun-2023 23:10:00, 0.7, 85, 4.33
07-Jun-2023 23:20:00, 0.7, 89, 3.93
07-Jun-2023 23:30:00, 0.7, 87, 4.21
07-Jun-2023 23:40:00, 0.6, 84, 4.27
07-Jun-2023 23:50:00, 0.6, 80, 3.96
08-Jun-2023 00:00:00, 0.6, 83, 3.86
08-Jun-2023 00:10:00, 0.5, 82, 4.01
08-Jun-2023 00:20:00, 0.6, 77, 3.83
08-Jun-2023 00:30:00, 0.5, 83, 3.88
08-Jun-2023 00:40:00, 0.5, 81, 3.83
08-Jun-2023 00:50:00, 0.5, 83, 4.07
08-Jun-2023 01:00:00, 0.5, 84, 3.86
08-Jun-2023 01:10:00, 0.5, 86, 3.56
08-Jun-2023 01:20:00, 0.5, 86, 3.99
08-Jun-2023 01:30:00, 0.5, 87, 3.78
08-Jun-2023 01:40:00, 0.5, 85, 3.51
08-Jun-2023 01:50:00, 0.5, 79, 3.62
08-Jun-2023 02:00:00, 0.4, 63, 3.56
08-Jun-2023 02:10:00, 0.4, 67, 3.60
08-Jun-2023 02:20:00, 0.5, 79, 3.81
08-Jun-2023 02:30:00, 0.5, 83, 3.76
08-Jun-2023 02:40:00, 0.4, 82, 3.73
08-Jun-2023 02:50:00, 0.5, 75, 3.56
08-Jun-2023 03:00:00, 0.5, 76, 3.54
08-Jun-2023 03:10:00, 0.5, 69, 3.56
08-Jun-2023 03:20:00, 0.4, 64, 3.21
08-Jun-2023 03:30:00, 0.4, 69, 3.62
08-Jun-2023 03:40:00, 0.4, 67, 3.69
08-Jun-2023 03:50:00, 0.4, 55, 2.91
08-Jun-2023 04:00:00, 0.4, 66, 3.13
08-Jun-2023 04:10:00, 0.4, 71, 3.14
08-Jun-2023 04:20:00, 0.4, 66, 4.10
08-Jun-2023 04:30:00, 0.3, 70, 4.01
08-Jun-2023 04:40:00, 0.3, 67, 3.30
08-Jun-2023 04:50:00, 0.3, 58, 3.23
08-Jun-2023 05:00:00, 0.3, 55, 3.64
08-Jun-2023 05:10:00, 0.3, 72, 3.19
08-Jun-2023 05:20:00, 0.3, 70, 3.69
08-Jun-2023 05:30:00, 0.3, 71, 3.56
08-Jun-2023 05:40:00, 0.3, 70, 3.54
08-Jun-2023 05:50:00, 0.2, 78, 3.76
08-Jun-2023 06:00:00, 0.3, 84, 3.05
08-Jun-2023 06:10:00, 0.3, 98, 4.18
08-Jun-2023 06:20:00, 0.2, 124, 3.69
08-Jun-2023 06:30:00, 0.2, 60, 3.60
08-Jun-2023 06:40:00, 0.2, 49, 3.64
08-Jun-2023 06:50:00, 0.2, 48, 3.34
08-Jun-2023 07:00:00, 0.2, 66, 3.41
08-Jun-2023 07:10:00, 0.2, 86, 3.43
08-Jun-2023 07:20:00, 0.2, 105, 3.69
08-Jun-2023 07:30:00, 0.2, 119, 3.47
08-Jun-2023 07:40:00, 0.2, 125, 3.00
08-Jun-2023 07:50:00, 0.2, 132, 3.34
08-Jun-2023 08:00:00, 0.2, 143, 2.34
08-Jun-2023 08:10:00, 0.2, 147, 3.45
08-Jun-2023 08:20:00, 0.2, 151, 3.49
08-Jun-2023 08:30:00, 0.2, 152, 3.47
08-Jun-2023 08:40:00, 0.2, 151, 3.45
08-Jun-2023 08:50:00, 0.2, 146, 3.47
08-Jun-2023 09:00:00, 0.2, 128, 3.49
08-Jun-2023 09:10:00, 0.1, 123, 3.21
08-Jun-2023 09:20:00, 0.1, 117, 3.41
08-Jun-2023 09:30:00, 0.1, 110, 3.35
08-Jun-2023 09:40:00, 0.1, 103, 3.26
08-Jun-2023 09:50:00, 0.1, 103, 3.43
08-Jun-2023 10:00:00, 0.1, 112, 3.64
08-Jun-2023 10:10:00, 0.2, 118, 2.97
08-Jun-2023 10:20:00, 0.1, 110, 3.41
08-Jun-2023 10:30:00, 0.1, 115, 3.35
08-Jun-2023 10:40:00, 0.1, 110, 4.21
08-Jun-2023 10:50:00, 0.1, 112, 3.41
08-Jun-2023 11:00:00, 0.1, 109, 3.41
08-Jun-2023 11:10:00, 0.1, 102, 3.45
08-Jun-2023 11:20:00, 0.1, 104, 3.28
08-Jun-2023 11:30:00, 0.1, 106, 3.38
08-Jun-2023 11:40:00, 0.1, 105, 3.32
08-Jun-2023 11:50:00, 0.1, 94, 3.30
08-Jun-2023 12:00:00, 0.1, 92, 3.14
08-Jun-2023 12:10:00, 0.1, 96, 3.26
08-Jun-2023 12:20:00, 0.1, 95, 3.35
08-Jun-2023 12:30:00, 0.1, 96, 3.35
08-Jun-2023 12:40:00, 0.1, 100, 3.34
08-Jun-2023 12:50:00, 0.1, 103, 3.19
08-Jun-2023 13:00:00, 0.1, 99, 3.35
08-Jun-2023 13:10:00, 0.1, 92, 3.25
08-Jun-2023 13:20:00, 0.2, 139, 3.47
08-Jun-2023 13:30:00, 0.1, 226, 3.58
08-Jun-2023 13:40:00, 0.1, 133, 3.58
08-Jun-2023 13:50:00, 0.1, 314, 3.56
08-Jun-2023 14:00:00, 0.1, 286, 3.53
08-Jun-2023 14:10:00, 0.1, 235, 3.47
08-Jun-2023 14:20:00, 0.1, 59, 3.13
08-Jun-2023 14:30:00, 0.1, 76, 2.98
08-Jun-2023 14:40:00, 0.1, 74, 3.13
08-Jun-2023 14:50:00, 0.1, 74, 3.18
08-Jun-2023 15:00:00, 0.1, 74, 3.13
08-Jun-2023 15:10:00, 0.1, 73, 3.05
08-Jun-2023 15:20:00, 0.1, 70, 2.96
08-Jun-2023 15:30:00, 0.1, 70, 2.93
08-Jun-2023 15:40:00, 0.1, 69, 3.09
08-Jun-2023 15:50:00, 0.1, 76, 2.97
08-Jun-2023 16:00:00, 0.1, 75, 3.02
08-Jun-2023 16:10:00, 0.1, 64, 2.91
08-Jun-2023 16:20:00, 0.1, 60, 3.08
08-Jun-2023 16:30:00, 0.1, 60, 3.06
08-Jun-2023 16:40:00, 0.1, 59, 2.96
08-Jun-2023 16:50:00, 0.1, 64, 3.02
08-Jun-2023 17:00:00, 0.1, 71, 2.78
08-Jun-2023 17:10:00, 0.1, 76, 2.96
08-Jun-2023 17:20:00, 0.0, 80, 3.00
08-Jun-2023 17:30:00, 0.1, 82, 2.97
08-Jun-2023 17:40:00, 0.1, 85, 2.88
08-Jun-2023 17:50:00, 0.1, 83, 2.88
08-Jun-2023 18:00:00, 0.1, 84, 1.49
08-Jun-2023 18:10:00, 0.1, 89, 1.59
08-Jun-2023 18:20:00, 0.1, 86, 1.57
08-Jun-2023 18:30:00, 0.1, 78, 1.47
08-Jun-2023 18:40:00, 0.1, 77, 1.63
08-Jun-2023 18:50:00, 0.1, 74, 1.60
08-Jun-2023 19:00:00, 0.1, 73, 1.71
08-Jun-2023 19:10:00, 0.1, 66, 1.60
08-Jun-2023 19:20:00, 0.1, 49, 1.65
08-Jun-2023 19:30:00, 0.1, 54, 1.56
08-Jun-2023 19:40:00, 0.1, 57, 2.69
08-Jun-2023 19:50:00, 0.1, 53, 1.48
08-Jun-2023 20:00:00, 0.1, 56, 1.54
08-Jun-2023 20:10:00, 0.1, 62, 1.57
08-Jun-2023 20:20:00, 0.1, 60, 1.58
08-Jun-2023 20:30:00, 0.1, 50, 2.50
08-Jun-2023 20:40:00, 0.1, 29, 2.28
08-Jun-2023 20:50:00, 0.1, 51, 1.73
08-Jun-2023 21:00:00, 0.2, 90, 1.74
08-Jun-2023 21:10:00, 0.2, 103, 1.95
08-Jun-2023 21:20:00, 0.2, 116, 2.11
08-Jun-2023 21:30:00, 0.2, 106, 2.11
08-Jun-2023 21:40:00, 0.2, 90, 1.95
08-Jun-2023 21:50:00, 0.2, 84, 2.01
08-Jun-2023 22:00:00, 0.2, 81, 1.94
08-Jun-2023 22:10:00, 0.2, 80, 1.94
08-Jun-2023 22:20:00, 0.2, 81, 2.04
08-Jun-2023 22:30:00, 0.2, 80, 2.13
08-Jun-2023 22:40:00, 0.2, 82, 1.90
08-Jun-2023 22:50:00, 0.1, 81, 1.97
08-Jun-2023 23:00:00, 0.1, 70, 1.87
08-Jun-2023 23:10:00, 0.1, 68, 1.90
08-Jun-2023 23:20:00, 0.1, 64, 1.84
08-Jun-2023 23:30:00, 0.1, 58, 1.87
08-Jun-2023 23:40:00, 0.1, 60, 1.80
08-Jun-2023 23:50:00, 0.1, 59, 1.65
09-Jun-2023 00:00:00, 0.1, 59, 1.73
09-Jun-2023 00:10:00, 0.1, 75, 1.65
09-Jun-2023 00:20:00, 0.1, 77, 1.78
09-Jun-2023 00:30:00, 0.1, 75, 1.65
09-Jun-2023 00:40:00, 0.2, 67, 1.88
09-Jun-2023 00:50:00, 0.2, 69, 1.90
09-Jun-2023 01:00:00, 0.2, 74, 1.99
09-Jun-2023 01:10:00, 0.2, 72, 1.87
09-Jun-2023 01:20:00, 0.2, 70, 2.17
09-Jun-2023 01:30:00, 0.2, 68, 2.11
09-Jun-2023 01:40:00, 0.2, 63, 2.23
09-Jun-2023 01:50:00, 0.3, 56, 2.30
09-Jun-2023 02:00:00, 0.2, 57, 2.44
09-Jun-2023 02:10:00, 0.2, 64, 2.40
09-Jun-2023 02:20:00, 0.2, 73, 2.48
09-Jun-2023 02:30:00, 0.2, 75, 2.40
09-Jun-2023 02:40:00, 0.2, 74, 2.48
09-Jun-2023 02:50:00, 0.2, 77, 2.57
09-Jun-2023 03:00:00, 0.2, 86, 2.36
09-Jun-2023 03:10:00, 0.2, 96, 2.37
09-Jun-2023 03:20:00, 0.2, 86, 2.48
09-Jun-2023 03:30:00, 0.2, 79, 2.21
09-Jun-2023 03:40:00, 0.2, 76, 2.07
09-Jun-2023 03:50:00, 0.2, 73, 2.35
09-Jun-2023 04:00:00, 0.2, 70, 2.38
09-Jun-2023 04:10:00, 0.2, 67, 2.43
09-Jun-2023 04:20:00, 0.2, 58, 2.40
09-Jun-2023 04:30:00, 0.2, 45, 2.51
09-Jun-2023 04:40:00, 0.2, 39, 2.52
09-Jun-2023 04:50:00, 0.2, 35, 2.66
09-Jun-2023 05:00:00, 0.2, 24, 2.39
09-Jun-2023 05:10:00, 0.2, 20, 2.50
09-Jun-2023 05:20:00, 0.1, 30, 2.57
09-Jun-2023 05:30:00, 0.1, 40, 2.34
09-Jun-2023 05:40:00, 0.1, 40, 2.30
09-Jun-2023 05:50:00, 0.2, 63, 2.65
09-Jun-2023 06:00:00, 0.1, 85, 2.48
09-Jun-2023 06:10:00, 0.1, 85, 2.36
09-Jun-2023 06:20:00, 0.1, 88, 2.30
09-Jun-2023 06:30:00, 0.1, 81, 2.38
09-Jun-2023 06:40:00, 0.1, 67, 2.34
09-Jun-2023 06:50:00, 0.1, 57, 2.48
09-Jun-2023 07:00:00, 0.1, 53, 2.38
09-Jun-2023 07:10:00, 0.1, 42, 2.48
09-Jun-2023 07:20:00, 0.1, 47, 2.38
09-Jun-2023 07:30:00, 0.1, 56, 2.18
09-Jun-2023 07:40:00, 0.1, 52, 2.20
09-Jun-2023 07:50:00, 0.1, 59, 2.37
09-Jun-2023 08:00:00, 0.1, 65, 2.33
09-Jun-2023 08:10:00, 0.1, 67, 2.22
09-Jun-2023 08:20:00, 0.1, 72, 2.31
09-Jun-2023 08:30:00, 0.1, 71, 2.25
09-Jun-2023 08:40:00, 0.1, 63, 2.18
09-Jun-2023 08:50:00, 0.1, 57, 2.22
09-Jun-2023 09:00:00, 0.1, 50, 2.28
09-Jun-2023 09:10:00, 0.1, 50, 2.22
09-Jun-2023 09:20:00, 0.1, 58, 2.03
09-Jun-2023 09:30:00, 0.1, 60, 2.38
09-Jun-2023 09:40:00, 0.1, 58, 2.22
09-Jun-2023 09:50:00, 0.1, 49, 2.12
09-Jun-2023 10:00:00, 0.1, 42, 2.27
09-Jun-2023 10:10:00, 0.1, 50, 2.14
09-Jun-2023 10:20:00, 0.1, 58, 2.26
09-Jun-2023 10:30:00, 0.1, 54, 2.14
09-Jun-2023 10:40:00, 0.1, 41, 2.06
09-Jun-2023 10:50:00, 0.1, 32, 2.09
09-Jun-2023 11:00:00, 0.0, 29, 2.05
09-Jun-2023 11:10:00, 0.1, 48, 1.98
09-Jun-2023 11:20:00, 0.1, 76, 2.22
09-Jun-2023 11:30:00, 0.1, 68, 2.20
09-Jun-2023 11:40:00, 0.1, 46, 2.19
09-Jun-2023 11:50:00, 0.1, 27, 2.25
09-Jun-2023 12:00:00, 0.1, 13, 2.29
09-Jun-2023 12:10:00, 0.1, 9, 2.28
09-Jun-2023 12:20:00, 0.1, 198, 2.15
09-Jun-2023 12:30:00, 0.1, 172, 2.30
09-Jun-2023 12:40:00, 0.1, 13, 2.26
09-Jun-2023 12:50:00, 0.1, 187, 1.68
09-Jun-2023 13:00:00, 0.1, 211, 2.25
09-Jun-2023 13:10:00, 0.1, 103, 2.18
09-Jun-2023 13:20:00, 0.1, 155, 1.60
09-Jun-2023 13:30:00, 0.1, 172, 1.65
09-Jun-2023 13:40:00, 0.1, 90, 1.61
09-Jun-2023 13:50:00, 0.1, 40, 2.22
09-Jun-2023 14:00:00, 0.0, 33, 1.53
09-Jun-2023 14:10:00, 0.0, 50, 2.38
09-Jun-2023 14:20:00, 0.0, 34, 2.15
09-Jun-2023 14:30:00, 0.0, 58, 1.74
09-Jun-2023 14:40:00, 0.0, 122, 2.11
09-Jun-2023 14:50:00, 0.0, 108, 2.25
09-Jun-2023 15:00:00, 0.0, 155, 2.02
09-Jun-2023 15:10:00, 0.0, 216, 1.98
09-Jun-2023 15:20:00, 0.0, 226, 1.79
09-Jun-2023 15:30:00, 0.0, 240, 2.04
09-Jun-2023 15:40:00, 0.0, 250, 1.90
09-Jun-2023 15:50:00, 0.0, 125, 1.55
09-Jun-2023 16:00:00, 0.0, 68, 1.92
09-Jun-2023 16:10:00, 0.0, 94, 2.11
09-Jun-2023 16:20:00, 0.0, 102, 2.30
09-Jun-2023 16:30:00, 0.0, 137, 3.71
09-Jun-2023 16:40:00, 0.0, 152, 3.76
09-Jun-2023 16:50:00, 0.0, 225, 2.81
09-Jun-2023 17:00:00, 0.0, 275, 2.90
09-Jun-2023 17:10:00, 0.0, 268, 2.90
09-Jun-2023 17:20:00, 0.0, 266, 2.91
09-Jun-2023 17:30:00, 0.0, 237, 2.93
09-Jun-2023 17:40:00, 0.0, 203, 2.93
09-Jun-2023 17:50:00, 0.0, 191, 3.03
09-Jun-2023 18:00:00, 0.0, 203, 2.84
09-Jun-2023 18:10:00, 0.0, 214, 2.79
09-Jun-2023 18:20:00, 0.1, 209, 2.42
09-Jun-2023 18:30:00, 0.1, 204, 2.23
09-Jun-2023 18:40:00, 0.1, 198, 3.14
09-Jun-2023 18:50:00, 0.1, 200, 4.12
09-Jun-2023 19:00:00, 0.1, 201, 1.88
09-Jun-2023 19:10:00, 0.0, 219, 3.62
09-Jun-2023 19:20:00, 0.0, 238, 4.12
09-Jun-2023 19:30:00, 0.0, 244, 3.83
09-Jun-2023 19:40:00, 0.0, 228, 1.96
09-Jun-2023 19:50:00, 0.0, 166, 3.69
09-Jun-2023 20:00:00, 0.0, 194, 2.32
09-Jun-2023 20:10:00, 0.0, 172, 3.51
09-Jun-2023 20:20:00, 0.0, 201, 2.19
09-Jun-2023 20:30:00, 0.0, 227, 3.93
09-Jun-2023 20:40:00, 0.0, 204, 3.05
09-Jun-2023 20:50:00, 0.0, 212, 2.70
09-Jun-2023 21:00:00, 0.0, 280, 2.77
09-Jun-2023 21:10:00, 0.0, 246, 2.30
09-Jun-2023 21:20:00, 0.0, 190, 1.92
09-Jun-2023 21:30:00, 0.0, 199, 3.81
09-Jun-2023 21:40:00, 0.0, 251, 2.72
09-Jun-2023 21:50:00, 0.0, 280, 2.76
09-Jun-2023 22:00:00, 0.0, 272, 2.84
09-Jun-2023 22:10:00, 0.0, 95, 2.07
09-Jun-2023 22:20:00, 0.1, 18, 2.84
09-Jun-2023 22:30:00, 0.0, 70, 2.87
09-Jun-2023 22:40:00, 0.0, 75, 2.83
09-Jun-2023 22:50:00, 0.0, 59, 2.83
09-Jun-2023 23:00:00, 0.0, 243, 2.87
09-Jun-2023 23:10:00, 0.1, 292, 3.19
09-Jun-2023 23:20:00, 0.0, 269, 2.80
09-Jun-2023 23:30:00, 0.0, 100, 2.87
09-Jun-2023 23:40:00, 0.0, 226, 2.91
09-Jun-2023 23:50:00, 0.0, 286, 2.87
10-Jun-2023 00:00:00, 0.0, 252, 1.94
10-Jun-2023 00:10:00, 0.0, 249, 3.19
10-Jun-2023 00:20:00, 0.1, 77, 4.12
10-Jun-2023 00:30:00, 0.1, 231, 4.43
10-Jun-2023 00:40:00, 0.1, 106, 4.57
10-Jun-2023 00:50:00, 0.0, 14, 4.60
10-Jun-2023 01:00:00, 0.1, 12, 4.60
10-Jun-2023 01:10:00, 0.1, 76, 4.68
10-Jun-2023 01:20:00, 0.1, 119, 2.58
10-Jun-2023 01:30:00, 0.1, 54, 4.64
10-Jun-2023 01:40:00, 0.0, 34, 4.60
10-Jun-2023 01:50:00, 0.0, 215, 4.57
10-Jun-2023 02:00:00, 0.0, 99, 4.57
10-Jun-2023 02:10:00, 0.0, 191, 4.60
10-Jun-2023 02:20:00, 0.0, 320, 4.64
10-Jun-2023 02:30:00, 0.0, 110, 4.64
10-Jun-2023 02:40:00, 0.0, 194, 4.60
10-Jun-2023 02:50:00, 0.0, 87, 4.68
10-Jun-2023 03:00:00, 0.0, 203, 4.64
10-Jun-2023 03:10:00, 0.0, 306, 4.60
10-Jun-2023 03:20:00, 0.0, 296, 4.43
10-Jun-2023 03:30:00, 0.0, 151, 4.57
10-Jun-2023 03:40:00, 0.0, 53, 4.60
10-Jun-2023 03:50:00, 0.0, 205, 4.60
10-Jun-2023 04:00:00, 0.0, 124, 4.64
10-Jun-2023 04:10:00, 0.0, 76, 4.60
10-Jun-2023 04:20:00, 0.0, 71, 4.64
10-Jun-2023 04:30:00, 0.0, 93, 4.68
10-Jun-2023 04:40:00, 0.0, 97, 4.64
10-Jun-2023 04:50:00, 0.0, 79, 4.60
10-Jun-2023 05:00:00, 0.0, 196, 4.60
10-Jun-2023 05:10:00, 0.0, 85, 4.64
10-Jun-2023 05:20:00, 0.1, 124, 3.09
10-Jun-2023 05:30:00, 0.1, 134, 3.88
10-Jun-2023 05:40:00, 0.0, 121, 3.96
10-Jun-2023 05:50:00, 0.0, 113, 4.10
10-Jun-2023 06:00:00, 0.1, 104, 1.47
10-Jun-2023 06:10:00, 0.1, 98, 1.59
10-Jun-2023 06:20:00, 0.1, 89, 1.60
10-Jun-2023 06:30:00, 0.1, 92, 1.66
10-Jun-2023 06:40:00, 0.1, 91, 1.54
10-Jun-2023 06:50:00, 0.1, 87, 1.55
10-Jun-2023 07:00:00, 0.1, 86, 1.58
10-Jun-2023 07:10:00, 0.1, 88, 1.66
10-Jun-2023 07:20:00, 0.1, 84, 1.73
10-Jun-2023 07:30:00, 0.1, 76, 1.65
10-Jun-2023 07:40:00, 0.1, 74, 1.70
10-Jun-2023 07:50:00, 0.1, 73, 1.70
10-Jun-2023 08:00:00, 0.1, 82, 1.70
10-Jun-2023 08:10:00, 0.1, 83, 1.65
10-Jun-2023 08:20:00, 0.1, 86, 1.65
10-Jun-2023 08:30:00, 0.1, 90, 1.67
10-Jun-2023 08:40:00, 0.1, 88, 1.61
10-Jun-2023 08:50:00, 0.0, 74, 1.58
10-Jun-2023 09:00:00, 0.0, 75, 1.53
10-Jun-2023 09:10:00, 0.0, 75, 1.54
10-Jun-2023 09:20:00, 0.0, 76, 1.56
10-Jun-2023 09:30:00, 0.0, 76, 1.49
10-Jun-2023 09:40:00, 0.0, 71, 1.60
10-Jun-2023 09:50:00, 0.1, 78, 1.54
10-Jun-2023 10:00:00, 0.1, 85, 1.54
10-Jun-2023 10:10:00, 0.1, 94, 1.49
10-Jun-2023 10:20:00, 0.1, 88, 1.59
10-Jun-2023 10:30:00, 0.1, 84, 1.73
10-Jun-2023 10:40:00, 0.1, 80, 1.89
10-Jun-2023 10:50:00, 0.1, 79, 2.02
10-Jun-2023 11:00:00, 0.1, 72, 1.54
10-Jun-2023 11:10:00, 0.1, 66, 1.80
10-Jun-2023 11:20:00, 0.1, 62, 1.90
10-Jun-2023 11:30:00, 0.1, 66, 1.79
10-Jun-2023 11:40:00, 0.1, 78, 1.85
10-Jun-2023 11:50:00, 0.1, 78, 1.81
10-Jun-2023 12:00:00, 0.1, 75, 2.79
10-Jun-2023 12:10:00, 0.1, 71, 2.67
10-Jun-2023 12:20:00, 0.1, 71, 2.66
10-Jun-2023 12:30:00, 0.1, 78, 2.72
10-Jun-2023 12:40:00, 0.1, 104, 2.91
10-Jun-2023 12:50:00, 0.1, 108, 2.52
10-Jun-2023 13:00:00, 0.1, 99, 2.71
10-Jun-2023 13:10:00, 0.1, 106, 2.72
10-Jun-2023 13:20:00, 0.1, 102, 1.59
10-Jun-2023 13:30:00, 0.2, 101, 2.74
10-Jun-2023 13:40:00, 0.2, 58, 1.82
10-Jun-2023 13:50:00, 0.2, 272, 4.24
10-Jun-2023 14:00:00, 0.2, 98, 2.41
10-Jun-2023 14:10:00, 0.1, 75, 2.83
10-Jun-2023 14:20:00, 0.2, 76, 2.75
10-Jun-2023 14:30:00, 0.1, 75, 1.74
10-Jun-2023 14:40:00, 0.2, 79, 1.85
10-Jun-2023 14:50:00, 0.2, 88, 1.98
10-Jun-2023 15:00:00, 0.2, 87, 1.94
10-Jun-2023 15:10:00, 0.3, 91, 2.07
10-Jun-2023 15:20:00, 0.3, 87, 2.15
10-Jun-2023 15:30:00, 0.3, 82, 2.03
10-Jun-2023 15:40:00, 0.3, 75, 2.45
10-Jun-2023 15:50:00, 0.3, 69, 2.16
10-Jun-2023 16:00:00, 0.3, 64, 2.59
10-Jun-2023 16:10:00, 0.4, 70, 2.62
10-Jun-2023 16:20:00, 0.4, 80, 2.88
10-Jun-2023 16:30:00, 0.4, 85, 2.90
10-Jun-2023 16:40:00, 0.5, 88, 3.03
10-Jun-2023 16:50:00, 0.5, 92, 2.74
10-Jun-2023 17:00:00, 0.5, 92, 2.84
10-Jun-2023 17:10:00, 0.5, 88, 2.62
10-Jun-2023 17:20:00, 0.5, 93, 3.02
10-Jun-2023 17:30:00, 0.5, 92, 3.13
10-Jun-2023 17:40:00, 0.4, 91, 2.97
10-Jun-2023 17:50:00, 0.5, 88, 2.81
10-Jun-2023 18:00:00, 0.5, 89, 2.96
10-Jun-2023 18:10:00, 0.5, 82, 2.93
10-Jun-2023 18:20:00, 0.4, 84, 3.43
10-Jun-2023 18:30:00, 0.4, 86, 3.06
10-Jun-2023 18:40:00, 0.5, 98, 2.66
10-Jun-2023 18:50:00, 0.5, 104, 3.32
10-Jun-2023 19:00:00, 0.5, 98, 3.38
10-Jun-2023 19:10:00, 0.5, 98, 3.56
10-Jun-2023 19:20:00, 0.5, 92, 3.05
10-Jun-2023 19:30:00, 0.5, 95, 3.38
10-Jun-2023 19:40:00, 0.5, 100, 2.66
10-Jun-2023 19:50:00, 0.5, 100, 3.83
10-Jun-2023 20:00:00, 0.5, 104, 3.45
10-Jun-2023 20:10:00, 0.5, 103, 3.60
10-Jun-2023 20:20:00, 0.5, 102, 3.69
10-Jun-2023 20:30:00, 0.5, 104, 3.58
10-Jun-2023 20:40:00, 0.5, 101, 3.58
10-Jun-2023 20:50:00, 0.5, 100, 3.47
10-Jun-2023 21:00:00, 0.5, 98, 2.56
10-Jun-2023 21:10:00, 0.5, 102, 3.86
10-Jun-2023 21:20:00, 0.5, 90, 3.78
10-Jun-2023 21:30:00, 0.5, 94, 3.21
10-Jun-2023 21:40:00, 0.5, 86, 3.78
10-Jun-2023 21:50:00, 0.5, 87, 2.84
10-Jun-2023 22:00:00, 0.5, 79, 2.88
10-Jun-2023 22:10:00, 0.5, 86, 3.45
10-Jun-2023 22:20:00, 0.5, 83, 3.81
10-Jun-2023 22:30:00, 0.5, 76, 3.62
10-Jun-2023 22:40:00, 0.5, 83, 3.13
10-Jun-2023 22:50:00, 0.5, 80, 3.49
10-Jun-2023 23:00:00, 0.5, 75, 3.78
10-Jun-2023 23:10:00, 0.6, 81, 3.56
10-Jun-2023 23:20:00, 0.5, 81, 2.98
10-Jun-2023 23:30:00, 0.5, 88, 2.94
10-Jun-2023 23:40:00, 0.5, 96, 3.03
10-Jun-2023 23:50:00, 0.5, 94, 2.97
11-Jun-2023 00:00:00, 0.5, 90, 3.32
11-Jun-2023 00:10:00, 0.5, 83, 3.38
11-Jun-2023 00:20:00, 0.5, 84, 3.18
11-Jun-2023 00:30:00, 0.5, 86, 3.21
11-Jun-2023 00:40:00, 0.4, 87, 3.88
11-Jun-2023 00:50:00, 0.5, 89, 3.38
11-Jun-2023 01:00:00, 0.5, 87, 3.71
11-Jun-2023 01:10:00, 0.4, 86, 3.14
11-Jun-2023 01:20:00, 0.4, 80, 3.34
11-Jun-2023 01:30:00, 0.4, 74, 2.93
11-Jun-2023 01:40:00, 0.4, 72, 3.08
11-Jun-2023 01:50:00, 0.4, 67, 3.30
11-Jun-2023 02:00:00, 0.4, 73, 3.02
11-Jun-2023 02:10:00, 0.4, 73, 3.81
11-Jun-2023 02:20:00, 0.4, 72, 2.84
11-Jun-2023 02:30:00, 0.4, 76, 3.83
11-Jun-2023 02:40:00, 0.4, 83, 3.76
11-Jun-2023 02:50:00, 0.4, 83, 3.93
11-Jun-2023 03:00:00, 0.4, 78, 2.91
11-Jun-2023 03:10:00, 0.4, 81, 4.30
11-Jun-2023 03:20:00, 0.4, 83, 3.13
11-Jun-2023 03:30:00, 0.4, 81, 4.47
11-Jun-2023 03:40:00, 0.4, 81, 3.86
11-Jun-2023 03:50:00, 0.3, 80, 2.77
11-Jun-2023 04:00:00, 0.3, 83, 3.05
11-Jun-2023 04:10:00, 0.3, 88, 4.10
11-Jun-2023 04:20:00, 0.3, 89, 2.91
11-Jun-2023 04:30:00, 0.4, 86, 4.01
11-Jun-2023 04:40:00, 0.4, 88, 2.81
11-Jun-2023 04:50:00, 0.3, 87, 3.67
11-Jun-2023 05:00:00, 0.3, 91, 2.44
11-Jun-2023 05:10:00, 0.3, 87, 2.81
11-Jun-2023 05:20:00, 0.3, 79, 2.50
11-Jun-2023 05:30:00, 0.3, 72, 4.24
11-Jun-2023 05:40:00, 0.3, 68, 4.07
11-Jun-2023 05:50:00, 0.3, 75, 4.10
11-Jun-2023 06:00:00, 0.3, 88, 2.58
11-Jun-2023 06:10:00, 0.3, 96, 3.83
11-Jun-2023 06:20:00, 0.3, 98, 4.27
11-Jun-2023 06:30:00, 0.2, 95, 3.81
11-Jun-2023 06:40:00, 0.3, 92, 3.93
11-Jun-2023 06:50:00, 0.2, 95, 4.07
11-Jun-2023 07:00:00, 0.2, 98, 4.21
11-Jun-2023 07:10:00, 0.2, 93, 4.07
11-Jun-2023 07:20:00, 0.2, 96, 4.01
11-Jun-2023 07:30:00, 0.2, 96, 2.46
11-Jun-2023 07:40:00, 0.2, 100, 3.91
11-Jun-2023 07:50:00, 0.2, 99, 3.93
11-Jun-2023 08:00:00, 0.2, 109, 3.91
11-Jun-2023 08:10:00, 0.2, 113, 4.18
11-Jun-2023 08:20:00, 0.2, 113, 4.04
11-Jun-2023 08:30:00, 0.2, 116, 3.93
11-Jun-2023 08:40:00, 0.2, 111, 3.91
11-Jun-2023 08:50:00, 0.2, 108, 3.69
11-Jun-2023 09:00:00, 0.2, 111, 3.99
11-Jun-2023 09:10:00, 0.2, 112, 3.62
11-Jun-2023 09:20:00, 0.2, 107, 3.78
11-Jun-2023 09:30:00, 0.2, 105, 3.99
11-Jun-2023 09:40:00, 0.2, 107, 3.81
11-Jun-2023 09:50:00, 0.2, 102, 4.04
11-Jun-2023 10:00:00, 0.2, 82, 3.86
11-Jun-2023 10:10:00, 0.2, 67, 3.73
11-Jun-2023 10:20:00, 0.2, 72, 3.93
11-Jun-2023 10:30:00, 0.2, 62, 4.04
11-Jun-2023 10:40:00, 0.2, 66, 3.71
11-Jun-2023 10:50:00, 0.2, 72, 3.64
11-Jun-2023 11:00:00, 0.2, 59, 3.86
11-Jun-2023 11:10:00, 0.2, 57, 3.58
11-Jun-2023 11:20:00, 0.2, 62, 3.76
11-Jun-2023 11:30:00, 0.2, 74, 3.47
11-Jun-2023 11:40:00, 0.2, 74, 3.60
11-Jun-2023 11:50:00, 0.2, 79, 3.41
11-Jun-2023 12:00:00, 0.2, 84, 3.64
11-Jun-2023 12:10:00, 0.2, 91, 3.71
11-Jun-2023 12:20:00, 0.2, 93, 3.73
11-Jun-2023 12:30:00, 0.2, 102, 3.60
11-Jun-2023 12:40:00, 0.2, 101, 3.99
11-Jun-2023 12:50:00, 0.2, 99, 3.49
11-Jun-2023 13:00:00, 0.2, 106, 3.69
11-Jun-2023 13:10:00, 0.1, 106, 3.83
11-Jun-2023 13:20:00, 0.2, 100, 3.73
11-Jun-2023 13:30:00, 0.2, 94, 3.88
11-Jun-2023 13:40:00, 0.2, 99, 4.01
11-Jun-2023 13:50:00, 0.2, 93, 3.49
11-Jun-2023 14:00:00, 0.2, 94, 3.56
11-Jun-2023 14:10:00, 0.2, 94, 3.81
11-Jun-2023 14:20:00, 0.2, 90, 1.65
11-Jun-2023 14:30:00, 0.2, 87, 1.83
11-Jun-2023 14:40:00, 0.2, 82, 3.67
11-Jun-2023 14:50:00, 0.2, 83, 3.49
11-Jun-2023 15:00:00, 0.2, 84, 3.56
11-Jun-2023 15:10:00, 0.2, 87, 3.93
11-Jun-2023 15:20:00, 0.2, 85, 1.83
11-Jun-2023 15:30:00, 0.2, 80, 3.76
11-Jun-2023 15:40:00, 0.2, 78, 3.51
11-Jun-2023 15:50:00, 0.2, 80, 3.76
11-Jun-2023 16:00:00, 0.2, 77, 3.60
11-Jun-2023 16:10:00, 0.2, 78, 3.45
11-Jun-2023 16:20:00, 0.2, 79, 3.93
11-Jun-2023 16:30:00, 0.1, 75, 3.43
11-Jun-2023 16:40:00, 0.1, 71, 3.67
11-Jun-2023 16:50:00, 0.1, 69, 3.47
11-Jun-2023 17:00:00, 0.1, 66, 3.69
11-Jun-2023 17:10:00, 0.1, 63, 3.86
11-Jun-2023 17:20:00, 0.1, 60, 3.96
11-Jun-2023 17:30:00, 0.1, 57, 3.67
11-Jun-2023 17:40:00, 0.1, 59, 3.56
11-Jun-2023 17:50:00, 0.2, 57, 3.19
11-Jun-2023 18:00:00, 0.1, 60, 2.81
11-Jun-2023 18:10:00, 0.1, 65, 3.86
11-Jun-2023 18:20:00, 0.1, 71, 3.32
11-Jun-2023 18:30:00, 0.2, 77, 3.60
11-Jun-2023 18:40:00, 0.2, 80, 3.86
11-Jun-2023 18:50:00, 0.2, 91, 4.24
11-Jun-2023 19:00:00, 0.2, 100, 4.30
11-Jun-2023 19:10:00, 0.1, 107, 4.01
11-Jun-2023 19:20:00, 0.1, 108, 5.03
11-Jun-2023 19:30:00, 0.1, 114, 4.40
11-Jun-2023 19:40:00, 0.2, 122, 4.37
11-Jun-2023 19:50:00, 0.2, 122, 5.08
11-Jun-2023 20:00:00, 0.1, 121, 2.93
11-Jun-2023 20:10:00, 0.2, 119, 2.94
11-Jun-2023 20:20:00, 0.1, 121, 2.90
11-Jun-2023 20:30:00, 0.1, 117, 4.33
11-Jun-2023 20:40:00, 0.1, 113, 4.95
11-Jun-2023 20:50:00, 0.1, 109, 4.79
11-Jun-2023 21:00:00, 0.1, 111, 4.33
11-Jun-2023 21:10:00, 0.1, 114, 4.75
11-Jun-2023 21:20:00, 0.1, 115, 4.83
11-Jun-2023 21:30:00, 0.1, 117, 3.56
11-Jun-2023 21:40:00, 0.1, 126, 4.83
11-Jun-2023 21:50:00, 0.1, 132, 4.60
11-Jun-2023 22:00:00, 0.1, 125, 4.71
11-Jun-2023 22:10:00, 0.1, 118, 4.33
11-Jun-2023 22:20:00, 0.1, 112, 4.71
11-Jun-2023 22:30:00, 0.1, 112, 4.24
11-Jun-2023 22:40:00, 0.1, 114, 4.75
11-Jun-2023 22:50:00, 0.1, 113, 4.37
11-Jun-2023 23:00:00, 0.1, 108, 4.47
11-Jun-2023 23:10:00, 0.1, 104, 3.96
11-Jun-2023 23:20:00, 0.1, 97, 4.01
11-Jun-2023 23:30:00, 0.1, 92, 3.88
11-Jun-2023 23:40:00, 0.1, 96, 4.64
11-Jun-2023 23:50:00, 0.1, 98, 4.71
12-Jun-2023 00:00:00, 0.1, 100, 4.64
12-Jun-2023 00:10:00, 0.1, 100, 4.27
12-Jun-2023 00:20:00, 0.1, 95, 4.50
12-Jun-2023 00:30:00, 0.1, 91, 4.27
12-Jun-2023 00:40:00, 0.1, 85, 4.47
12-Jun-2023 00:50:00, 0.1, 81, 4.24
12-Jun-2023 01:00:00, 0.1, 84, 4.60
12-Jun-2023 01:10:00, 0.1, 84, 4.40
12-Jun-2023 01:20:00, 0.1, 83, 3.96
12-Jun-2023 01:30:00, 0.2, 113, 4.57
12-Jun-2023 01:40:00, 0.2, 197, 4.30
12-Jun-2023 01:50:00, 0.1, 186, 4.37
12-Jun-2023 02:00:00, 0.1, 86, 4.57
12-Jun-2023 02:10:00, 0.1, 81, 4.10
12-Jun-2023 02:20:00, 0.1, 79, 4.37
12-Jun-2023 02:30:00, 0.1, 81, 3.25
12-Jun-2023 02:40:00, 0.1, 79, 4.37
12-Jun-2023 02:50:00, 0.1, 78, 4.30
12-Jun-2023 03:00:00, 0.1, 79, 4.21
12-Jun-2023 03:10:00, 0.1, 79, 3.99
12-Jun-2023 03:20:00, 0.1, 82, 4.04
12-Jun-2023 03:30:00, 0.1, 84, 4.21
12-Jun-2023 03:40:00, 0.1, 83, 4.37
12-Jun-2023 03:50:00, 0.1, 79, 3.69
12-Jun-2023 04:00:00, 0.1, 78, 3.62
12-Jun-2023 04:10:00, 0.1, 76, 3.81
12-Jun-2023 04:20:00, 0.1, 76, 3.91
12-Jun-2023 04:30:00, 0.1, 77, 3.76
12-Jun-2023 04:40:00, 0.1, 76, 3.81
12-Jun-2023 04:50:00, 0.1, 72, 4.04
12-Jun-2023 05:00:00, 0.1, 70, 3.76
12-Jun-2023 05:10:00, 0.1, 65, 4.12
12-Jun-2023 05:20:00, 0.1, 62, 3.67
12-Jun-2023 05:30:00, 0.1, 63, 3.91
12-Jun-2023 05:40:00, 0.1, 62, 4.04
12-Jun-2023 05:50:00, 0.1, 85, 3.69
12-Jun-2023 06:00:00, 0.1, 115, 3.88
12-Jun-2023 06:10:00, 0.1, 142, 3.96
12-Jun-2023 06:20:00, 0.1, 170, 3.88
12-Jun-2023 06:30:00, 0.1, 197, 3.60
12-Jun-2023 06:40:00, 0.1, 222, 3.69
12-Jun-2023 06:50:00, 0.1, 246, 3.41
12-Jun-2023 07:00:00, 0.1, 265, 3.96
12-Jun-2023 07:10:00, 0.1, 281, 3.54
12-Jun-2023 07:20:00, 0.1, 313, 4.04
12-Jun-2023 07:30:00, 0.1, 192, 3.83
12-Jun-2023 07:40:00, 0.1, 7, 3.99
12-Jun-2023 07:50:00, 0.1, 7, 4.15
12-Jun-2023 08:00:00, 0.1, 8, 3.49
12-Jun-2023 08:10:00, 0.1, 8, 3.96
12-Jun-2023 08:20:00, 0.1, 10, 3.99
12-Jun-2023 08:30:00, 0.1, 22, 1.66
12-Jun-2023 08:40:00, 0.1, 83, 1.80
12-Jun-2023 08:50:00, 0.1, 150, 1.94
12-Jun-2023 09:00:00, 0.2, 170, 2.11
12-Jun-2023 09:10:00, 0.2, 186, 2.25
12-Jun-2023 09:20:00, 0.2, 199, 2.15
12-Jun-2023 09:30:00, 0.2, 207, 2.11
12-Jun-2023 09:40:00, 0.2, 208, 2.29
12-Jun-2023 09:50:00, 0.2, 209, 2.43
12-Jun-2023 10:00:00, 0.2, 208, 2.25
12-Jun-2023 10:10:00, 0.2, 205, 2.31
12-Jun-2023 10:20:00, 0.2, 202, 2.29
12-Jun-2023 10:30:00, 0.2, 194, 2.26
12-Jun-2023 10:40:00, 0.2, 186, 2.33
12-Jun-2023 10:50:00, 0.2, 184, 2.07
12-Jun-2023 11:00:00, 0.2, 188, 2.31
12-Jun-2023 11:10:00, 0.2, 192, 2.38
12-Jun-2023 11:20:00, 0.2, 198, 2.36
12-Jun-2023 11:30:00, 0.2, 204, 2.48
12-Jun-2023 11:40:00, 0.2, 205, 2.27
12-Jun-2023 11:50:00, 0.2, 207, 2.19
12-Jun-2023 12:00:00, 0.2, 214, 2.25
12-Jun-2023 12:10:00, 0.2, 224, 2.42
12-Jun-2023 12:20:00, 0.2, 217, 4.21
12-Jun-2023 12:30:00, 0.2, 215, 2.26
12-Jun-2023 12:40:00, 0.2, 217, 2.20
12-Jun-2023 12:50:00, 0.2, 217, 2.31
12-Jun-2023 13:00:00, 0.1, 222, 2.10
12-Jun-2023 13:10:00, 0.1, 220, 2.13
12-Jun-2023 13:20:00, 0.1, 228, 2.15
12-Jun-2023 13:30:00, 0.1, 235, 2.15
12-Jun-2023 13:40:00, 0.1, 219, 4.18
12-Jun-2023 13:50:00, 0.2, 216, 3.51
12-Jun-2023 14:00:00, 0.1, 210, 2.08
12-Jun-2023 14:10:00, 0.1, 201, 1.97
12-Jun-2023 14:20:00, 0.1, 204, 1.90
12-Jun-2023 14:30:00, 0.1, 199, 1.91
12-Jun-2023 14:40:00, 0.1, 194, 1.91
12-Jun-2023 14:50:00, 0.1, 193, 1.87
12-Jun-2023 15:00:00, 0.1, 114, 1.82
12-Jun-2023 15:10:00, 0.1, 31, 3.76
12-Jun-2023 15:20:00, 0.1, 16, 3.71
12-Jun-2023 15:30:00, 0.1, 14, 3.81
12-Jun-2023 15:40:00, 0.1, 13, 3.81
12-Jun-2023 15:50:00, 0.1, 31, 3.60
12-Jun-2023 16:00:00, 0.1, 69, 4.30
12-Jun-2023 16:10:00, 0.1, 124, 3.54
12-Jun-2023 16:20:00, 0.1, 112, 3.73
12-Jun-2023 16:30:00, 0.1, 77, 4.30
12-Jun-2023 16:40:00, 0.1, 77, 3.81
12-Jun-2023 16:50:00, 0.0, 72, 4.24
12-Jun-2023 17:00:00, 0.0, 83, 3.78
12-Jun-2023 17:10:00, 0.0, 92, 3.58
12-Jun-2023 17:20:00, 0.0, 89, 3.86
12-Jun-2023 17:30:00, 0.0, 87, 4.04
12-Jun-2023 17:40:00, 0.0, 88, 4.10
12-Jun-2023 17:50:00, 0.0, 87, 3.88
12-Jun-2023 18:00:00, 0.0, 89, 3.96
12-Jun-2023 18:10:00, 0.0, 95, 4.10
12-Jun-2023 18:20:00, 0.0, 90, 3.64
12-Jun-2023 18:30:00, 0.0, 88, 3.71
12-Jun-2023 18:40:00, 0.0, 86, 3.99
12-Jun-2023 18:50:00, 0.0, 87, 3.93
12-Jun-2023 19:00:00, 0.1, 95, 1.50
12-Jun-2023 19:10:00, 0.1, 77, 1.54
12-Jun-2023 19:20:00, 0.1, 59, 1.64
12-Jun-2023 19:30:00, 0.1, 54, 1.61
12-Jun-2023 19:40:00, 0.1, 62, 1.76
12-Jun-2023 19:50:00, 0.2, 73, 1.78
12-Jun-2023 20:00:00, 0.2, 76, 1.73
12-Jun-2023 20:10:00, 0.2, 78, 1.75
12-Jun-2023 20:20:00, 0.2, 81, 1.90
12-Jun-2023 20:30:00, 0.2, 78, 1.90
12-Jun-2023 20:40:00, 0.2, 72, 2.01
12-Jun-2023 20:50:00, 0.2, 71, 2.00
12-Jun-2023 21:00:00, 0.2, 75, 1.94
12-Jun-2023 21:10:00, 0.3, 78, 2.14
12-Jun-2023 21:20:00, 0.3, 75, 2.40
12-Jun-2023 21:30:00, 0.3, 70, 2.23
12-Jun-2023 21:40:00, 0.3, 69, 2.43
12-Jun-2023 21:50:00, 0.3, 64, 2.59
12-Jun-2023 22:00:00, 0.3, 62, 2.51
12-Jun-2023 22:10:00, 0.3, 66, 2.75
12-Jun-2023 22:20:00, 0.3, 71, 2.88
12-Jun-2023 22:30:00, 0.3, 72, 2.69
12-Jun-2023 22:40:00, 0.3, 70, 2.64
12-Jun-2023 22:50:00, 0.3, 71, 2.76
12-Jun-2023 23:00:00, 0.3, 68, 2.62
12-Jun-2023 23:10:00, 0.2, 65, 2.64
12-Jun-2023 23:20:00, 0.2, 66, 2.77
12-Jun-2023 23:30:00, 0.2, 67, 2.70
12-Jun-2023 23:40:00, 0.2, 66, 2.48
12-Jun-2023 23:50:00, 0.2, 67, 2.59
13-Jun-2023 00:00:00, 0.3, 127, 2.57
13-Jun-2023 00:10:00, 0.2, 126, 3.88
13-Jun-2023 00:20:00, 0.2, 86, 2.52
13-Jun-2023 00:30:00, 0.2, 70, 2.40
13-Jun-2023 00:40:00, 0.2, 69, 2.38
13-Jun-2023 00:50:00, 0.3, 70, 2.55
13-Jun-2023 01:00:00, 0.3, 72, 2.72
13-Jun-2023 01:10:00, 0.4, 72, 2.53
13-Jun-2023 01:20:00, 0.4, 63, 2.74
13-Jun-2023 01:30:00, 0.4, 59, 2.62
13-Jun-2023 01:40:00, 0.4, 60, 3.00
13-Jun-2023 01:50:00, 0.4, 64, 2.91
13-Jun-2023 02:00:00, 0.4, 69, 2.87
13-Jun-2023 02:10:00, 0.4, 69, 2.79
13-Jun-2023 02:20:00, 0.4, 67, 3.05
13-Jun-2023 02:30:00, 0.5, 64, 3.09
13-Jun-2023 02:40:00, 0.5, 63, 3.25
13-Jun-2023 02:50:00, 0.4, 62, 3.19
13-Jun-2023 03:00:00, 0.4, 66, 3.19
13-Jun-2023 03:10:00, 0.4, 64, 3.28
13-Jun-2023 03:20:00, 0.4, 63, 3.09
13-Jun-2023 03:30:00, 0.3, 61, 3.14
13-Jun-2023 03:40:00, 0.3, 60, 3.05
13-Jun-2023 03:50:00, 0.3, 59, 2.85
13-Jun-2023 04:00:00, 0.3, 54, 3.08
13-Jun-2023 04:10:00, 0.3, 53, 3.16
13-Jun-2023 04:20:00, 0.3, 55, 3.08
13-Jun-2023 04:30:00, 0.3, 59, 3.14
13-Jun-2023 04:40:00, 0.2, 65, 2.90
13-Jun-2023 04:50:00, 0.2, 76, 3.00
13-Jun-2023 05:00:00, 0.2, 83, 2.90
13-Jun-2023 05:10:00, 0.2, 81, 2.96
13-Jun-2023 05:20:00, 0.2, 59, 2.93
13-Jun-2023 05:30:00, 0.2, 38, 3.06
13-Jun-2023 05:40:00, 0.2, 32, 2.85
13-Jun-2023 05:50:00, 0.2, 38, 2.90
13-Jun-2023 06:00:00, 0.2, 45, 2.90
13-Jun-2023 06:10:00, 0.2, 45, 2.75
13-Jun-2023 06:20:00, 0.1, 36, 2.83
13-Jun-2023 06:30:00, 0.2, 24, 2.66
13-Jun-2023 06:40:00, 0.1, 13, 2.71
13-Jun-2023 06:50:00, 0.1, 4, 2.85
13-Jun-2023 07:00:00, 0.1, 267, 2.63
13-Jun-2023 07:10:00, 0.1, 350, 2.72
13-Jun-2023 07:20:00, 0.1, 348, 2.74
13-Jun-2023 07:30:00, 0.1, 350, 2.66
13-Jun-2023 07:40:00, 0.1, 107, 2.66
13-Jun-2023 07:50:00, 0.1, 19, 3.96
13-Jun-2023 08:00:00, 0.1, 13, 4.01
13-Jun-2023 08:10:00, 0.1, 270, 2.56
13-Jun-2023 08:20:00, 0.1, 353, 2.38
13-Jun-2023 08:30:00, 0.1, 349, 2.48
13-Jun-2023 08:40:00, 0.1, 356, 2.60
13-Jun-2023 08:50:00, 0.1, 73, 2.38
13-Jun-2023 09:00:00, 0.1, 5, 2.35
13-Jun-2023 09:10:00, 0.1, 10, 2.45
13-Jun-2023 09:20:00, 0.1, 2, 2.32
13-Jun-2023 09:30:00, 0.1, 13, 1.65
13-Jun-2023 09:40:00, 0.1, 46, 2.36
13-Jun-2023 09:50:00, 0.1, 113, 2.28
13-Jun-2023 10:00:00, 0.1, 140, 1.87
13-Jun-2023 10:10:00, 0.1, 145, 1.88
13-Jun-2023 10:20:00, 0.1, 149, 1.86
13-Jun-2023 10:30:00, 0.1, 146, 1.95
13-Jun-2023 10:40:00, 0.1, 147, 1.96
13-Jun-2023 10:50:00, 0.1, 148, 1.97
13-Jun-2023 11:00:00, 0.1, 157, 1.94
13-Jun-2023 11:10:00, 0.1, 158, 1.84
13-Jun-2023 11:20:00, 0.1, 179, 3.91
13-Jun-2023 11:30:00, 0.1, 163, 4.75
13-Jun-2023 11:40:00, 0.1, 201, 1.96
13-Jun-2023 11:50:00, 0.1, 165, 2.01
13-Jun-2023 12:00:00, 0.1, 154, 2.03
13-Jun-2023 12:10:00, 0.1, 154, 2.08
13-Jun-2023 12:20:00, 0.1, 157, 2.03
13-Jun-2023 12:30:00, 0.1, 163, 1.97
13-Jun-2023 12:40:00, 0.1, 167, 2.01
13-Jun-2023 12:50:00, 0.1, 170, 1.98
13-Jun-2023 13:00:00, 0.1, 170, 2.06
13-Jun-2023 13:10:00, 0.1, 171, 1.96
13-Jun-2023 13:20:00, 0.1, 172, 1.87
13-Jun-2023 13:30:00, 0.1, 186, 1.95
13-Jun-2023 13:40:00, 0.1, 329, 4.04
13-Jun-2023 13:50:00, 0.1, 110, 4.21
13-Jun-2023 14:00:00, 0.1, 87, 4.24
13-Jun-2023 14:10:00, 0.1, 205, 4.30
13-Jun-2023 14:20:00, 0.1, 258, 1.69
13-Jun-2023 14:30:00, 0.1, 273, 1.79
13-Jun-2023 14:40:00, 0.1, 285, 1.82
13-Jun-2023 14:50:00, 0.1, 302, 1.76
13-Jun-2023 15:00:00, 0.1, 301, 4.21
13-Jun-2023 15:10:00, 0.1, 334, 1.52
13-Jun-2023 15:20:00, 0.1, 354, 1.75
13-Jun-2023 15:30:00, 0.1, 68, 4.27
13-Jun-2023 15:40:00, 0.1, 35, 1.60
13-Jun-2023 15:50:00, 0.0, 42, 4.27
13-Jun-2023 16:00:00, 0.0, 60, 4.12
13-Jun-2023 16:10:00, 0.0, 287, 1.60
13-Jun-2023 16:20:00, 0.0, 295, 4.21
13-Jun-2023 16:30:00, 0.0, 297, 1.51
13-Jun-2023 16:40:00, 0.0, 285, 4.21
13-Jun-2023 16:50:00, 0.0, 262, 4.18
13-Jun-2023 17:00:00, 0.0, 278, 1.41
13-Jun-2023 17:10:00, 0.0, 238, 4.27
13-Jun-2023 17:20:00, 0.0, 284, 1.57
13-Jun-2023 17:30:00, 0.0, 30, 4.04
13-Jun-2023 17:40:00, 0.0, 295, 3.93
13-Jun-2023 17:50:00, 0.0, 274, 2.75
13-Jun-2023 18:00:00, 0.0, 262, 4.30
13-Jun-2023 18:10:00, 0.0, 289, 3.41
13-Jun-2023 18:20:00, 0.0, 322, 4.24
13-Jun-2023 18:30:00, 0.0, 321, 1.80
13-Jun-2023 18:40:00, 0.0, 288, 1.54
13-Jun-2023 18:50:00, 0.0, 248, 1.57
13-Jun-2023 19:00:00, 0.0, 259, 4.04
13-Jun-2023 19:10:00, 0.0, 264, 4.47
13-Jun-2023 19:20:00, 0.0, 264, 4.24
13-Jun-2023 19:30:00, 0.1, 52, 3.88
13-Jun-2023 19:40:00, 0.1, 28, 3.93
13-Jun-2023 19:50:00, 0.0, 302, 4.12
13-Jun-2023 20:00:00, 0.1, 244, 3.16
13-Jun-2023 20:10:00, 0.0, 242, 3.23
13-Jun-2023 20:20:00, 0.0, 259, 3.16
13-Jun-2023 20:30:00, 0.0, 120, 4.10
13-Jun-2023 20:40:00, 0.0, 106, 4.12
13-Jun-2023 20:50:00, 0.0, 100, 4.12
13-Jun-2023 21:00:00, 0.0, 82, 4.15
13-Jun-2023 21:10:00, 0.1, 123, 3.73
13-Jun-2023 21:20:00, 0.1, 98, 4.30
13-Jun-2023 21:30:00, 0.1, 130, 4.43
13-Jun-2023 21:40:00, 0.0, 84, 4.43
13-Jun-2023 21:50:00, 0.0, 23, 4.50
13-Jun-2023 22:00:00, 0.0, 72, 4.47
13-Jun-2023 22:10:00, 0.0, 60, 3.91
13-Jun-2023 22:20:00, 0.0, 51, 4.10
13-Jun-2023 22:30:00, 0.0, 48, 4.01
13-Jun-2023 22:40:00, 0.0, 309, 4.10
13-Jun-2023 22:50:00, 0.0, 93, 3.96
13-Jun-2023 23:00:00, 0.0, 335, 3.93
13-Jun-2023 23:10:00, 0.0, 345, 1.57
13-Jun-2023 23:20:00, 0.0, 24, 1.57
13-Jun-2023 23:30:00, 0.0, 31, 3.16
13-Jun-2023 23:40:00, 0.0, 8, 3.16
13-Jun-2023 23:50:00, 0.0, 23, 4.40
14-Jun-2023 00:00:00, 0.0, 343, 3.96
14-Jun-2023 00:10:00, 0.0, 320, 3.41
14-Jun-2023 00:20:00, 0.0, 31, 3.91
14-Jun-2023 00:30:00, 0.0, 125, 2.28
14-Jun-2023 00:40:00, 0.0, 328, 1.87
14-Jun-2023 00:50:00, 0.1, 237, 4.64
14-Jun-2023 01:00:00, 0.0, 227, 4.60
14-Jun-2023 01:10:00, 0.1, 262, 2.06
14-Jun-2023 01:20:00, 0.0, 251, 1.82
14-Jun-2023 01:30:00, 0.0, 298, 1.74
14-Jun-2023 01:40:00, 0.0, 93, 2.88
14-Jun-2023 01:50:00, 0.0, 55, 5.45
14-Jun-2023 02:00:00, 0.0, 210, 1.82
14-Jun-2023 02:10:00, 0.0, 352, 2.22
14-Jun-2023 02:20:00, 0.0, 268, 3.88
14-Jun-2023 02:30:00, 0.0, 5, 4.37
14-Jun-2023 02:40:00, 0.0, 305, 1.84
14-Jun-2023 02:50:00, 0.0, 10, 2.76
14-Jun-2023 03:00:00, 0.0, 88, 2.56
14-Jun-2023 03:10:00, 0.0, 322, 2.51
14-Jun-2023 03:20:00, 0.0, 57, 2.76
14-Jun-2023 03:30:00, 0.0, 308, 2.26
14-Jun-2023 03:40:00, 0.0, 44, 2.57
14-Jun-2023 03:50:00, 0.0, 57, 3.39
14-Jun-2023 04:00:00, 0.0, 60, 3.14
14-Jun-2023 04:10:00, 0.0, 72, 3.18
14-Jun-2023 04:20:00, 0.0, 76, 3.78
14-Jun-2023 04:30:00, 0.0, 83, 3.71
14-Jun-2023 04:40:00, 0.0, 93, 3.78
14-Jun-2023 04:50:00, 0.0, 94, 3.71
14-Jun-2023 05:00:00, 0.0, 93, 3.02
14-Jun-2023 05:10:00, 0.0, 94, 3.83
14-Jun-2023 05:20:00, 0.0, 88, 3.78
14-Jun-2023 05:30:00, 0.0, 93, 1.53
14-Jun-2023 05:40:00, 0.0, 112, 2.63
14-Jun-2023 05:50:00, 0.0, 84, 2.98
14-Jun-2023 06:00:00, 0.0, 90, 2.51
14-Jun-2023 06:10:00, 0.0, 84, 3.78
14-Jun-2023 06:20:00, 0.0, 79, 3.49
14-Jun-2023 06:30:00, 0.0, 70, 3.76
14-Jun-2023 06:40:00, 0.0, 78, 3.67
14-Jun-2023 06:50:00, 0.0, 93, 3.56
14-Jun-2023 07:00:00, 0.0, 87, 3.88
14-Jun-2023 07:10:00, 0.0, 104, 3.78
14-Jun-2023 07:20:00, 0.0, 107, 3.81
14-Jun-2023 07:30:00, 0.0, 136, 3.81
14-Jun-2023 07:40:00, 0.0, 104, 2.65
14-Jun-2023 07:50:00, 0.0, 132, 3.06
14-Jun-2023 08:00:00, 0.0, 142, 2.26
14-Jun-2023 08:10:00, 0.0, 20, 3.69
14-Jun-2023 08:20:00, 0.0, 62, 2.98
14-Jun-2023 08:30:00, 0.0, 15, 3.43
14-Jun-2023 08:40:00, 0.0, 20, 2.23
14-Jun-2023 08:50:00, 0.0, 41, 2.62
14-Jun-2023 09:00:00, 0.0, 39, 2.72
14-Jun-2023 09:10:00, 0.0, 44, 3.86
14-Jun-2023 09:20:00, 0.0, 53, 4.57
14-Jun-2023 09:30:00, 0.0, 43, 2.58
14-Jun-2023 09:40:00, 0.0, 34, 2.45
14-Jun-2023 09:50:00, 0.0, 38, 2.70
14-Jun-2023 10:00:00, 0.0, 318, 4.07
14-Jun-2023 10:10:00, 0.0, 1, 3.23
14-Jun-2023 10:20:00, 0.0, 7, 1.40
14-Jun-2023 10:30:00, 0.0, 45, 1.41
14-Jun-2023 10:40:00, 0.0, 338, 1.46
14-Jun-2023 10:50:00, 0.0, 308, 1.69
14-Jun-2023 11:00:00, 0.0, 259, 1.66
14-Jun-2023 11:10:00, 0.0, 250, 1.59
14-Jun-2023 11:20:00, 0.0, 242, 1.50
14-Jun-2023 11:30:00, 0.0, 248, 1.60
14-Jun-2023 11:40:00, 0.0, 277, 1.55
14-Jun-2023 11:50:00, 0.0, 23, 1.60
14-Jun-2023 12:00:00, 0.0, 29, 1.46
14-Jun-2023 12:10:00, 0.0, 77, 1.42
14-Jun-2023 12:20:00, 0.0, 356, 4.64
14-Jun-2023 12:30:00, 0.0, 337, 4.60
14-Jun-2023 12:40:00, 0.1, 311, 3.19
14-Jun-2023 12:50:00, 0.1, 252, 3.30
14-Jun-2023 13:00:00, 0.1, 279, 3.39
14-Jun-2023 13:10:00, 0.0, 288, 4.10
14-Jun-2023 13:20:00, 0.0, 81, 4.10
14-Jun-2023 13:30:00, 0.0, 117, 1.89
14-Jun-2023 13:40:00, 0.0, 340, 1.67
14-Jun-2023 13:50:00, 0.0, 317, 1.75
14-Jun-2023 14:00:00, 0.0, 306, 4.27
14-Jun-2023 14:10:00, 0.0, 71, 3.96
14-Jun-2023 14:20:00, 0.0, 40, 4.21
14-Jun-2023 14:30:00, 0.0, 103, 4.12
14-Jun-2023 14:40:00, 0.0, 98, 4.18
14-Jun-2023 14:50:00, 0.0, 33, 4.24
14-Jun-2023 15:00:00, 0.0, 52, 4.24
14-Jun-2023 15:10:00, 0.1, 91, 3.83
14-Jun-2023 15:20:00, 0.0, 316, 3.73
14-Jun-2023 15:30:00, 0.0, 310, 3.45
14-Jun-2023 15:40:00, 0.0, 310, 3.34
14-Jun-2023 15:50:00, 0.0, 332, 3.13
14-Jun-2023 16:00:00, 0.0, 290, 1.33
14-Jun-2023 16:10:00, 0.1, 91, 1.47
14-Jun-2023 16:20:00, 0.1, 76, 1.56
14-Jun-2023 16:30:00, 0.1, 71, 1.76
14-Jun-2023 16:40:00, 0.2, 72, 1.84
14-Jun-2023 16:50:00, 0.2, 70, 1.84
14-Jun-2023 17:00:00, 0.2, 69, 2.05
14-Jun-2023 17:10:00, 0.2, 63, 1.97
14-Jun-2023 17:20:00, 0.2, 61, 2.09
14-Jun-2023 17:30:00, 0.2, 62, 2.17
14-Jun-2023 17:40:00, 0.2, 58, 2.06
14-Jun-2023 17:50:00, 0.2, 51, 2.18
14-Jun-2023 18:00:00, 0.2, 49, 2.22
14-Jun-2023 18:10:00, 0.2, 46, 2.18
14-Jun-2023 18:20:00, 0.2, 55, 2.10
14-Jun-2023 18:30:00, 0.2, 65, 2.07
14-Jun-2023 18:40:00, 0.3, 70, 2.18
14-Jun-2023 18:50:00, 0.3, 68, 2.23
14-Jun-2023 19:00:00, 0.2, 74, 2.27
14-Jun-2023 19:10:00, 0.2, 71, 2.20
14-Jun-2023 19:20:00, 0.2, 72, 2.17
14-Jun-2023 19:30:00, 0.2, 63, 2.23
14-Jun-2023 19:40:00, 0.2, 59, 2.30
14-Jun-2023 19:50:00, 0.3, 63, 2.33
14-Jun-2023 20:00:00, 0.3, 71, 2.11
14-Jun-2023 20:10:00, 0.3, 78, 2.43
14-Jun-2023 20:20:00, 0.3, 77, 2.11
14-Jun-2023 20:30:00, 0.2, 75, 2.32
14-Jun-2023 20:40:00, 0.3, 75, 2.40
14-Jun-2023 20:50:00, 0.3, 74, 2.13
14-Jun-2023 21:00:00, 0.3, 70, 2.40
14-Jun-2023 21:10:00, 0.3, 68, 2.45
14-Jun-2023 21:20:00, 0.3, 60, 2.46
14-Jun-2023 21:30:00, 0.3, 65, 2.54
14-Jun-2023 21:40:00, 0.2, 62, 2.34
14-Jun-2023 21:50:00, 0.3, 66, 2.48
14-Jun-2023 22:00:00, 0.3, 70, 2.45
14-Jun-2023 22:10:00, 0.3, 73, 2.38
14-Jun-2023 22:20:00, 0.3, 72, 2.30
14-Jun-2023 22:30:00, 0.3, 72, 2.45
14-Jun-2023 22:40:00, 0.3, 75, 2.36
14-Jun-2023 22:50:00, 0.3, 75, 2.50
14-Jun-2023 23:00:00, 0.3, 81, 2.71
14-Jun-2023 23:10:00, 0.3, 78, 2.44
14-Jun-2023 23:20:00, 0.3, 71, 2.52
14-Jun-2023 23:30:00, 0.4, 74, 2.80
14-Jun-2023 23:40:00, 0.3, 75, 2.71
14-Jun-2023 23:50:00, 0.4, 78, 2.75
15-Jun-2023 00:00:00, 0.4, 81, 2.98
15-Jun-2023 00:10:00, 0.4, 83, 2.87
15-Jun-2023 00:20:00, 0.5, 78, 2.87
15-Jun-2023 00:30:00, 0.5, 80, 2.87
15-Jun-2023 00:40:00, 0.5, 81, 2.80
15-Jun-2023 00:50:00, 0.5, 84, 2.93
15-Jun-2023 01:00:00, 0.5, 82, 3.25
15-Jun-2023 01:10:00, 0.6, 77, 3.30
15-Jun-2023 01:20:00, 0.6, 75, 3.26
15-Jun-2023 01:30:00, 0.6, 80, 3.13
15-Jun-2023 01:40:00, 0.6, 88, 3.41
15-Jun-2023 01:50:00, 0.6, 91, 3.28
15-Jun-2023 02:00:00, 0.7, 90, 3.60
15-Jun-2023 02:10:00, 0.6, 84, 3.49
15-Jun-2023 02:20:00, 0.7, 84, 3.88
15-Jun-2023 02:30:00, 0.7, 78, 3.43
15-Jun-2023 02:40:00, 0.8, 74, 3.62
15-Jun-2023 02:50:00, 0.7, 72, 3.62
15-Jun-2023 03:00:00, 0.7, 73, 3.60
15-Jun-2023 03:10:00, 0.7, 69, 3.43
15-Jun-2023 03:20:00, 0.6, 72, 3.67
15-Jun-2023 03:30:00, 0.6, 74, 3.69
15-Jun-2023 03:40:00, 0.6, 76, 3.56
15-Jun-2023 03:50:00, 0.6, 72, 3.67
15-Jun-2023 04:00:00, 0.6, 66, 3.71
15-Jun-2023 04:10:00, 0.5, 66, 4.07
15-Jun-2023 04:20:00, 0.5, 71, 3.41
15-Jun-2023 04:30:00, 0.5, 73, 3.64
15-Jun-2023 04:40:00, 0.5, 72, 3.88
15-Jun-2023 04:50:00, 0.5, 71, 3.47
15-Jun-2023 05:00:00, 0.4, 76, 3.43
15-Jun-2023 05:10:00, 0.4, 84, 3.54
15-Jun-2023 05:20:00, 0.4, 86, 3.56
15-Jun-2023 05:30:00, 0.4, 84, 3.28
15-Jun-2023 05:40:00, 0.4, 84, 3.23
15-Jun-2023 05:50:00, 0.4, 89, 3.43
15-Jun-2023 06:00:00, 0.4, 93, 3.19
15-Jun-2023 06:10:00, 0.4, 88, 3.21
15-Jun-2023 06:20:00, 0.4, 78, 3.35
15-Jun-2023 06:30:00, 0.4, 73, 3.38
15-Jun-2023 06:40:00, 0.3, 68, 3.32
15-Jun-2023 06:50:00, 0.3, 71, 3.14
15-Jun-2023 07:00:00, 0.4, 80, 2.63
15-Jun-2023 07:10:00, 0.3, 83, 2.97
15-Jun-2023 07:20:00, 0.3, 81, 3.03
15-Jun-2023 07:30:00, 0.3, 79, 3.13
15-Jun-2023 07:40:00, 0.3, 81, 2.48
15-Jun-2023 07:50:00, 0.3, 83, 3.06
15-Jun-2023 08:00:00, 0.3, 84, 2.56
15-Jun-2023 08:10:00, 0.3, 78, 3.00
15-Jun-2023 08:20:00, 0.3, 73, 2.71
15-Jun-2023 08:30:00, 0.3, 68, 3.05
15-Jun-2023 08:40:00, 0.3, 68, 2.98
15-Jun-2023 08:50:00, 0.3, 73, 2.94
15-Jun-2023 09:00:00, 0.3, 69, 2.87
15-Jun-2023 09:10:00, 0.3, 71, 2.74
15-Jun-2023 09:20:00, 0.3, 78, 2.85
15-Jun-2023 09:30:00, 0.2, 88, 2.83
15-Jun-2023 09:40:00, 0.2, 94, 2.76
15-Jun-2023 09:50:00, 0.2, 94, 2.72
15-Jun-2023 10:00:00, 0.2, 96, 2.74
15-Jun-2023 10:10:00, 0.2, 102, 2.67
15-Jun-2023 10:20:00, 0.2, 103, 2.54
15-Jun-2023 10:30:00, 0.2, 95, 2.71
15-Jun-2023 10:40:00, 0.2, 90, 2.55
15-Jun-2023 10:50:00, 0.2, 87, 2.56
15-Jun-2023 11:00:00, 0.2, 80, 2.59
15-Jun-2023 11:10:00, 0.2, 78, 2.71
15-Jun-2023 11:20:00, 0.2, 84, 2.74
15-Jun-2023 11:30:00, 0.2, 98, 2.26
15-Jun-2023 11:40:00, 0.2, 109, 2.56
15-Jun-2023 11:50:00, 0.2, 110, 2.51
15-Jun-2023 12:00:00, 0.1, 105, 2.52
15-Jun-2023 12:10:00, 0.1, 103, 2.55
15-Jun-2023 12:20:00, 0.1, 106, 2.65
15-Jun-2023 12:30:00, 0.1, 113, 2.45
15-Jun-2023 12:40:00, 0.1, 123, 2.46
15-Jun-2023 12:50:00, 0.1, 139, 2.67
15-Jun-2023 13:00:00, 0.1, 153, 2.48
15-Jun-2023 13:10:00, 0.1, 165, 2.76
15-Jun-2023 13:20:00, 0.1, 169, 2.36
15-Jun-2023 13:30:00, 0.1, 173, 2.66
15-Jun-2023 13:40:00, 0.1, 176, 2.54
15-Jun-2023 13:50:00, 0.1, 176, 2.48
15-Jun-2023 14:00:00, 0.1, 185, 2.64
15-Jun-2023 14:10:00, 0.1, 181, 2.63
15-Jun-2023 14:20:00, 0.1, 141, 2.48
15-Jun-2023 14:30:00, 0.1, 97, 2.64
15-Jun-2023 14:40:00, 0.1, 90, 2.40
15-Jun-2023 14:50:00, 0.1, 93, 2.65
15-Jun-2023 15:00:00, 0.1, 90, 2.43
15-Jun-2023 15:10:00, 0.1, 93, 3.08
15-Jun-2023 15:20:00, 0.1, 95, 2.38
15-Jun-2023 15:30:00, 0.1, 93, 3.09
15-Jun-2023 15:40:00, 0.1, 96, 1.49
15-Jun-2023 15:50:00, 0.2, 102, 1.65
15-Jun-2023 16:00:00, 0.2, 105, 1.78
15-Jun-2023 16:10:00, 0.2, 103, 1.84
15-Jun-2023 16:20:00, 0.2, 105, 1.90
15-Jun-2023 16:30:00, 0.2, 103, 1.99
15-Jun-2023 16:40:00, 0.2, 99, 1.88
15-Jun-2023 16:50:00, 0.2, 98, 2.03
15-Jun-2023 17:00:00, 0.2, 101, 2.08
15-Jun-2023 17:10:00, 0.2, 97, 2.24
15-Jun-2023 17:20:00, 0.2, 88, 2.34
15-Jun-2023 17:30:00, 0.2, 91, 2.51
15-Jun-2023 17:40:00, 0.2, 102, 2.42
15-Jun-2023 17:50:00, 0.2, 103, 2.48
15-Jun-2023 18:00:00, 0.3, 97, 2.32
15-Jun-2023 18:10:00, 0.2, 105, 2.38
15-Jun-2023 18:20:00, 0.2, 107, 2.30
15-Jun-2023 18:30:00, 0.2, 106, 2.41
15-Jun-2023 18:40:00, 0.2, 109, 2.45
15-Jun-2023 18:50:00, 0.2, 107, 2.35
15-Jun-2023 19:00:00, 0.2, 109, 2.19
15-Jun-2023 19:10:00, 0.2, 115, 2.34
15-Jun-2023 19:20:00, 0.2, 114, 2.32
15-Jun-2023 19:30:00, 0.2, 103, 1.71
15-Jun-2023 19:40:00, 0.2, 88, 1.99
15-Jun-2023 19:50:00, 0.2, 84, 1.99
15-Jun-2023 20:00:00, 0.2, 86, 2.24
15-Jun-2023 20:10:00, 0.2, 86, 2.18
15-Jun-2023 20:20:00, 0.2, 82, 2.18
15-Jun-2023 20:30:00, 0.3, 75, 2.18
15-Jun-2023 20:40:00, 0.3, 65, 2.24
15-Jun-2023 20:50:00, 0.3, 60, 2.34
15-Jun-2023 21:00:00, 0.3, 59, 2.28
15-Jun-2023 21:10:00, 0.3, 57, 2.28
15-Jun-2023 21:20:00, 0.3, 57, 2.40
15-Jun-2023 21:30:00, 0.3, 51, 2.13
15-Jun-2023 21:40:00, 0.3, 48, 2.21
15-Jun-2023 21:50:00, 0.3, 50, 2.44
15-Jun-2023 22:00:00, 0.3, 55, 2.56
15-Jun-2023 22:10:00, 0.3, 64, 2.59
15-Jun-2023 22:20:00, 0.3, 71, 2.54
15-Jun-2023 22:30:00, 0.4, 68, 2.66
15-Jun-2023 22:40:00, 0.3, 63, 2.45
15-Jun-2023 22:50:00, 0.3, 67, 2.75
15-Jun-2023 23:00:00, 0.3, 70, 2.70
15-Jun-2023 23:10:00, 0.3, 65, 2.59
15-Jun-2023 23:20:00, 0.3, 66, 2.57
15-Jun-2023 23:30:00, 0.4, 69, 2.69
15-Jun-2023 23:40:00, 0.4, 70, 2.79
15-Jun-2023 23:50:00, 0.4, 78, 3.03
16-Jun-2023 00:00:00, 0.4, 85, 2.71
16-Jun-2023 00:10:00, 0.4, 87, 2.63
16-Jun-2023 00:20:00, 0.4, 89, 2.66
16-Jun-2023 00:30:00, 0.4, 91, 2.88
16-Jun-2023 00:40:00, 0.4, 87, 3.00
16-Jun-2023 00:50:00, 0.3, 88, 3.08
16-Jun-2023 01:00:00, 0.4, 87, 3.06
16-Jun-2023 01:10:00, 0.3, 80, 3.28
16-Jun-2023 01:20:00, 0.3, 74, 2.97
16-Jun-2023 01:30:00, 0.3, 75, 3.08
16-Jun-2023 01:40:00, 0.3, 78, 2.75
16-Jun-2023 01:50:00, 0.3, 87, 3.06
16-Jun-2023 02:00:00, 0.3, 92, 2.94
16-Jun-2023 02:10:00, 0.3, 95, 3.06
16-Jun-2023 02:20:00, 0.3, 95, 2.84
16-Jun-2023 02:30:00, 0.3, 93, 2.83
16-Jun-2023 02:40:00, 0.3, 88, 2.88
16-Jun-2023 02:50:00, 0.3, 91, 3.00
16-Jun-2023 03:00:00, 0.3, 92, 2.98
16-Jun-2023 03:10:00, 0.3, 91, 3.06
16-Jun-2023 03:20:00, 0.2, 85, 2.84
16-Jun-2023 03:30:00, 0.2, 82, 2.97
16-Jun-2023 03:40:00, 0.2, 82, 2.90
16-Jun-2023 03:50:00, 0.2, 91, 2.85
16-Jun-2023 04:00:00, 0.2, 88, 2.96
16-Jun-2023 04:10:00, 0.2, 88, 2.84
16-Jun-2023 04:20:00, 0.2, 90, 2.88
16-Jun-2023 04:30:00, 0.2, 96, 2.71
16-Jun-2023 04:40:00, 0.2, 96, 2.93
16-Jun-2023 04:50:00, 0.2, 89, 2.53
16-Jun-2023 05:00:00, 0.2, 90, 2.83
16-Jun-2023 05:10:00, 0.2, 62, 2.90
16-Jun-2023 05:20:00, 0.2, 65, 2.74
16-Jun-2023 05:30:00, 0.2, 78, 2.93
16-Jun-2023 05:40:00, 0.2, 85, 2.75
16-Jun-2023 05:50:00, 0.2, 86, 2.56
16-Jun-2023 06:00:00, 0.2, 81, 2.66
16-Jun-2023 06:10:00, 0.1, 84, 2.71
16-Jun-2023 06:20:00, 0.1, 92, 2.65
16-Jun-2023 06:30:00, 0.1, 84, 2.74
16-Jun-2023 06:40:00, 0.1, 68, 2.80
16-Jun-2023 06:50:00, 0.1, 69, 2.55
16-Jun-2023 07:00:00, 0.1, 71, 2.69
16-Jun-2023 07:10:00, 0.1, 59, 2.51
16-Jun-2023 07:20:00, 0.1, 42, 2.72
16-Jun-2023 07:30:00, 0.1, 31, 2.62
16-Jun-2023 07:40:00, 0.1, 21, 2.72
16-Jun-2023 07:50:00, 0.1, 13, 2.63
16-Jun-2023 08:00:00, 0.1, 9, 2.60
16-Jun-2023 08:10:00, 0.1, 14, 2.53
16-Jun-2023 08:20:00, 0.1, 12, 2.35
16-Jun-2023 08:30:00, 0.1, 6, 2.38
16-Jun-2023 08:40:00, 0.1, 15, 2.36
16-Jun-2023 08:50:00, 0.1, 18, 2.55
16-Jun-2023 09:00:00, 0.1, 15, 2.28
16-Jun-2023 09:10:00, 0.1, 15, 2.54
16-Jun-2023 09:20:00, 0.1, 24, 2.26
16-Jun-2023 09:30:00, 0.1, 24, 2.42
16-Jun-2023 09:40:00, 0.1, 24, 2.64
16-Jun-2023 09:50:00, 0.1, 28, 2.48
16-Jun-2023 10:00:00, 0.1, 22, 2.45
16-Jun-2023 10:10:00, 0.1, 22, 2.20
16-Jun-2023 10:20:00, 0.1, 24, 2.22
16-Jun-2023 10:30:00, 0.1, 28, 2.40
16-Jun-2023 10:40:00, 0.1, 58, 2.22
16-Jun-2023 10:50:00, 0.1, 90, 2.55
16-Jun-2023 11:00:00, 0.1, 108, 2.34
16-Jun-2023 11:10:00, 0.1, 115, 2.38
16-Jun-2023 11:20:00, 0.0, 65, 3.49
16-Jun-2023 11:30:00, 0.0, 22, 3.09
16-Jun-2023 11:40:00, 0.0, 8, 2.22
16-Jun-2023 11:50:00, 0.0, 9, 3.09
16-Jun-2023 12:00:00, 0.0, 16, 5.35
16-Jun-2023 12:10:00, 0.1, 13, 2.93
16-Jun-2023 12:20:00, 0.1, 282, 2.06
16-Jun-2023 12:30:00, 0.0, 88, 3.06
16-Jun-2023 12:40:00, 0.1, 8, 4.33
16-Jun-2023 12:50:00, 0.1, 20, 1.51
16-Jun-2023 13:00:00, 0.1, 34, 1.47
16-Jun-2023 13:10:00, 0.1, 115, 1.56
16-Jun-2023 13:20:00, 0.1, 157, 1.65
16-Jun-2023 13:30:00, 0.1, 175, 3.39
16-Jun-2023 13:40:00, 0.2, 314, 3.96
16-Jun-2023 13:50:00, 0.1, 350, 2.66
16-Jun-2023 14:00:00, 0.1, 334, 1.96
16-Jun-2023 14:10:00, 0.1, 123, 2.40
16-Jun-2023 14:20:00, 0.1, 81, 4.95
16-Jun-2023 14:30:00, 0.1, 190, 4.91
16-Jun-2023 14:40:00, 0.1, 174, 4.27
16-Jun-2023 14:50:00, 0.1, 209, 1.67
16-Jun-2023 15:00:00, 0.1, 209, 4.91
16-Jun-2023 15:10:00, 0.1, 303, 1.60
16-Jun-2023 15:20:00, 0.0, 334, 4.01
16-Jun-2023 15:30:00, 0.0, 71, 4.18
16-Jun-2023 15:40:00, 0.0, 21, 3.91
16-Jun-2023 15:50:00, 0.0, 26, 4.15
16-Jun-2023 16:00:00, 0.0, 20, 4.21
16-Jun-2023 16:10:00, 0.0, 18, 4.18
16-Jun-2023 16:20:00, 0.0, 26, 3.81
16-Jun-2023 16:30:00, 0.0, 31, 3.96
16-Jun-2023 16:40:00, 0.0, 57, 4.04
16-Jun-2023 16:50:00, 0.0, 79, 4.10
16-Jun-2023 17:00:00, 0.1, 60, 4.91
16-Jun-2023 17:10:00, 0.0, 76, 3.81
16-Jun-2023 17:20:00, 0.0, 83, 3.78
16-Jun-2023 17:30:00, 0.0, 87, 2.88
16-Jun-2023 17:40:00, 0.0, 85, 3.78
16-Jun-2023 17:50:00, 0.0, 99, 4.91
16-Jun-2023 18:00:00, 0.0, 106, 3.86
16-Jun-2023 18:10:00, 0.0, 101, 3.76
16-Jun-2023 18:20:00, 0.0, 92, 3.88
16-Jun-2023 18:30:00, 0.1, 84, 3.73
16-Jun-2023 18:40:00, 0.1, 94, 3.73
16-Jun-2023 18:50:00, 0.1, 115, 3.81
16-Jun-2023 19:00:00, 0.1, 96, 4.33
16-Jun-2023 19:10:00, 0.1, 80, 3.73
16-Jun-2023 19:20:00, 0.1, 80, 4.91
16-Jun-2023 19:30:00, 0.1, 78, 1.60
16-Jun-2023 19:40:00, 0.1, 68, 1.57
16-Jun-2023 19:50:00, 0.1, 65, 1.58
16-Jun-2023 20:00:00, 0.1, 60, 1.61
16-Jun-2023 20:10:00, 0.1, 56, 1.73
16-Jun-2023 20:20:00, 0.1, 72, 4.27
16-Jun-2023 20:30:00, 0.1, 63, 1.58
16-Jun-2023 20:40:00, 0.1, 63, 1.83
16-Jun-2023 20:50:00, 0.1, 65, 1.73
16-Jun-2023 21:00:00, 0.1, 64, 1.78
16-Jun-2023 21:10:00, 0.1, 69, 1.75
16-Jun-2023 21:20:00, 0.1, 75, 1.72
16-Jun-2023 21:30:00, 0.1, 86, 1.71
16-Jun-2023 21:40:00, 0.1, 93, 1.57
16-Jun-2023 21:50:00, 0.1, 89, 1.60
16-Jun-2023 22:00:00, 0.1, 99, 1.75
16-Jun-2023 22:10:00, 0.1, 96, 1.76
16-Jun-2023 22:20:00, 0.1, 98, 1.83
16-Jun-2023 22:30:00, 0.2, 88, 1.80
16-Jun-2023 22:40:00, 0.2, 92, 1.78
16-Jun-2023 22:50:00, 0.2, 86, 1.92
16-Jun-2023 23:00:00, 0.2, 86, 1.82
16-Jun-2023 23:10:00, 0.2, 79, 1.88
16-Jun-2023 23:20:00, 0.2, 64, 1.95
16-Jun-2023 23:30:00, 0.2, 54, 1.97
16-Jun-2023 23:40:00, 0.2, 55, 2.00
16-Jun-2023 23:50:00, 0.2, 45, 2.14
17-Jun-2023 00:00:00, 0.2, 40, 2.34
17-Jun-2023 00:10:00, 0.2, 46, 2.01
17-Jun-2023 00:20:00, 0.2, 46, 2.09
17-Jun-2023 00:30:00, 0.2, 41, 2.14
17-Jun-2023 00:40:00, 0.2, 40, 2.17
17-Jun-2023 00:50:00, 0.2, 45, 2.07
17-Jun-2023 01:00:00, 0.2, 48, 2.02
17-Jun-2023 01:10:00, 0.2, 50, 2.07
17-Jun-2023 01:20:00, 0.2, 59, 2.46
17-Jun-2023 01:30:00, 0.2, 58, 2.10
17-Jun-2023 01:40:00, 0.2, 49, 2.38
17-Jun-2023 01:50:00, 0.2, 52, 2.20
17-Jun-2023 02:00:00, 0.2, 59, 2.45
17-Jun-2023 02:10:00, 0.2, 54, 2.31
17-Jun-2023 02:20:00, 0.2, 55, 2.46
17-Jun-2023 02:30:00, 0.2, 76, 2.28
17-Jun-2023 02:40:00, 0.2, 80, 2.41
17-Jun-2023 02:50:00, 0.2, 72, 2.70
17-Jun-2023 03:00:00, 0.2, 67, 2.43
17-Jun-2023 03:10:00, 0.2, 55, 2.40
17-Jun-2023 03:20:00, 0.2, 60, 2.58
17-Jun-2023 03:30:00, 0.2, 50, 2.71
17-Jun-2023 03:40:00, 0.2, 49, 2.71
17-Jun-2023 03:50:00, 0.2, 53, 2.70
17-Jun-2023 04:00:00, 0.2, 60, 2.72
17-Jun-2023 04:10:00, 0.2, 57, 2.41
17-Jun-2023 04:20:00, 0.2, 74, 2.91
17-Jun-2023 04:30:00, 0.2, 79, 2.80
17-Jun-2023 04:40:00, 0.2, 82, 2.59
17-Jun-2023 04:50:00, 0.2, 78, 3.08
17-Jun-2023 05:00:00, 0.2, 74, 3.03
17-Jun-2023 05:10:00, 0.2, 81, 2.96
17-Jun-2023 05:20:00, 0.2, 87, 2.83
17-Jun-2023 05:30:00, 0.2, 75, 2.88
17-Jun-2023 05:40:00, 0.2, 72, 2.72
17-Jun-2023 05:50:00, 0.2, 62, 2.96
17-Jun-2023 06:00:00, 0.2, 76, 3.00
17-Jun-2023 06:10:00, 0.2, 72, 2.96
17-Jun-2023 06:20:00, 0.2, 72, 2.84
17-Jun-2023 06:30:00, 0.1, 59, 2.76
17-Jun-2023 06:40:00, 0.1, 71, 2.64
17-Jun-2023 06:50:00, 0.1, 80, 2.62
17-Jun-2023 07:00:00, 0.1, 89, 2.53
17-Jun-2023 07:10:00, 0.1, 91, 2.79
17-Jun-2023 07:20:00, 0.1, 78, 2.58
17-Jun-2023 07:30:00, 0.1, 75, 2.74
17-Jun-2023 07:40:00, 0.1, 88, 2.48
17-Jun-2023 07:50:00, 0.1, 108, 2.60
17-Jun-2023 08:00:00, 0.1, 96, 2.63
17-Jun-2023 08:10:00, 0.1, 82, 2.50
17-Jun-2023 08:20:00, 0.1, 77, 2.42
17-Jun-2023 08:30:00, 0.1, 68, 4.30
17-Jun-2023 08:40:00, 0.1, 73, 2.41
17-Jun-2023 08:50:00, 0.1, 79, 2.42
17-Jun-2023 09:00:00, 0.1, 84, 4.21
17-Jun-2023 09:10:00, 0.1, 85, 2.60
17-Jun-2023 09:20:00, 0.1, 94, 2.36
17-Jun-2023 09:30:00, 0.1, 112, 2.45
17-Jun-2023 09:40:00, 0.1, 130, 2.32
17-Jun-2023 09:50:00, 0.1, 135, 2.37
17-Jun-2023 10:00:00, 0.1, 122, 2.31
17-Jun-2023 10:10:00, 0.1, 122, 2.20
17-Jun-2023 10:20:00, 0.1, 119, 2.33
17-Jun-2023 10:30:00, 0.1, 117, 2.36
17-Jun-2023 10:40:00, 0.1, 116, 2.08
17-Jun-2023 10:50:00, 0.1, 116, 4.60
17-Jun-2023 11:00:00, 0.1, 116, 4.60
17-Jun-2023 11:10:00, 0.1, 119, 4.57
17-Jun-2023 11:20:00, 0.1, 126, 2.04
17-Jun-2023 11:30:00, 0.1, 122, 2.34
17-Jun-2023 11:40:00, 0.1, 122, 2.00
17-Jun-2023 11:50:00, 0.1, 121, 2.22
17-Jun-2023 12:00:00, 0.1, 128, 2.06
17-Jun-2023 12:10:00, 0.1, 121, 2.28
17-Jun-2023 12:20:00, 0.1, 146, 4.12
17-Jun-2023 12:30:00, 0.1, 255, 2.10
17-Jun-2023 12:40:00, 0.1, 155, 1.99
17-Jun-2023 12:50:00, 0.1, 133, 2.22
17-Jun-2023 13:00:00, 0.1, 128, 3.88
17-Jun-2023 13:10:00, 0.1, 96, 3.88
17-Jun-2023 13:20:00, 0.1, 65, 3.88
17-Jun-2023 13:30:00, 0.0, 113, 3.86
17-Jun-2023 13:40:00, 0.0, 114, 3.81
17-Jun-2023 13:50:00, 0.0, 117, 3.34
17-Jun-2023 14:00:00, 0.0, 115, 2.08
17-Jun-2023 14:10:00, 0.0, 112, 4.10
17-Jun-2023 14:20:00, 0.0, 132, 2.19
17-Jun-2023 14:30:00, 0.1, 226, 3.14
17-Jun-2023 14:40:00, 0.1, 250, 4.04
17-Jun-2023 14:50:00, 0.1, 265, 3.96
17-Jun-2023 15:00:00, 0.0, 233, 4.68
17-Jun-2023 15:10:00, 0.0, 112, 4.68
17-Jun-2023 15:20:00, 0.0, 105, 4.71
17-Jun-2023 15:30:00, 0.0, 100, 4.71
17-Jun-2023 15:40:00, 0.1, 102, 3.26
17-Jun-2023 15:50:00, 0.1, 145, 4.47
17-Jun-2023 16:00:00, 0.1, 133, 4.50
17-Jun-2023 16:10:00, 0.1, 161, 2.83
17-Jun-2023 16:20:00, 0.1, 230, 2.20
17-Jun-2023 16:30:00, 0.0, 205, 4.71
17-Jun-2023 16:40:00, 0.0, 82, 2.05
17-Jun-2023 16:50:00, 0.0, 55, 1.95
17-Jun-2023 17:00:00, 0.0, 79, 4.71
17-Jun-2023 17:10:00, 0.0, 116, 4.60
17-Jun-2023 17:20:00, 0.1, 107, 4.30
17-Jun-2023 17:30:00, 0.1, 90, 4.47
17-Jun-2023 17:40:00, 0.0, 94, 4.57
17-Jun-2023 17:50:00, 0.1, 97, 4.64
17-Jun-2023 18:00:00, 0.1, 95, 4.60
17-Jun-2023 18:10:00, 0.1, 110, 4.60
17-Jun-2023 18:20:00, 0.0, 92, 4.60
17-Jun-2023 18:30:00, 0.0, 40, 1.76
17-Jun-2023 18:40:00, 0.0, 19, 4.57
17-Jun-2023 18:50:00, 0.0, 94, 4.60
17-Jun-2023 19:00:00, 0.0, 356, 4.64
17-Jun-2023 19:10:00, 0.0, 336, 2.98
17-Jun-2023 19:20:00, 0.0, 311, 3.60
17-Jun-2023 19:30:00, 0.0, 307, 3.11
17-Jun-2023 19:40:00, 0.0, 306, 2.84
17-Jun-2023 19:50:00, 0.0, 323, 2.79
17-Jun-2023 20:00:00, 0.0, 339, 4.33
17-Jun-2023 20:10:00, 0.0, 304, 4.57
17-Jun-2023 20:20:00, 0.0, 314, 4.60
17-Jun-2023 20:30:00, 0.1, 276, 1.53
17-Jun-2023 20:40:00, 0.1, 84, 3.93
17-Jun-2023 20:50:00, 0.1, 124, 1.53
17-Jun-2023 21:00:00, 0.1, 95, 4.53
17-Jun-2023 21:10:00, 0.1, 90, 1.56
17-Jun-2023 21:20:00, 0.1, 90, 1.61
17-Jun-2023 21:30:00, 0.1, 90, 1.72
17-Jun-2023 21:40:00, 0.2, 92, 1.82
17-Jun-2023 21:50:00, 0.2, 97, 1.79
17-Jun-2023 22:00:00, 0.2, 93, 1.85
17-Jun-2023 22:10:00, 0.2, 88, 1.86
17-Jun-2023 22:20:00, 0.2, 80, 1.80
17-Jun-2023 22:30:00, 0.2, 69, 2.06
17-Jun-2023 22:40:00, 0.2, 63, 2.11
17-Jun-2023 22:50:00, 0.2, 56, 2.02
17-Jun-2023 23:00:00, 0.2, 53, 2.22
17-Jun-2023 23:10:00, 0.3, 56, 2.28
17-Jun-2023 23:20:00, 0.3, 53, 2.30
17-Jun-2023 23:30:00, 0.2, 46, 2.38
17-Jun-2023 23:40:00, 0.3, 38, 2.45
17-Jun-2023 23:50:00, 0.3, 41, 2.41
18-Jun-2023 00:00:00, 0.3, 48, 2.37
18-Jun-2023 00:10:00, 0.3, 57, 2.63
18-Jun-2023 00:20:00, 0.3, 66, 2.60
18-Jun-2023 00:30:00, 0.3, 67, 2.74
18-Jun-2023 00:40:00, 0.3, 67, 2.58
18-Jun-2023 00:50:00, 0.3, 62, 2.48
18-Jun-2023 01:00:00, 0.3, 59, 2.46
18-Jun-2023 01:10:00, 0.3, 68, 2.54
18-Jun-2023 01:20:00, 0.3, 61, 2.57
18-Jun-2023 01:30:00, 0.3, 66, 2.71
18-Jun-2023 01:40:00, 0.3, 77, 2.69
18-Jun-2023 01:50:00, 0.3, 77, 2.62
18-Jun-2023 02:00:00, 0.4, 77, 2.66
18-Jun-2023 02:10:00, 0.3, 72, 2.72
18-Jun-2023 02:20:00, 0.4, 69, 2.87
18-Jun-2023 02:30:00, 0.4, 54, 2.81
18-Jun-2023 02:40:00, 0.4, 35, 3.09
18-Jun-2023 02:50:00, 0.4, 39, 2.98
18-Jun-2023 03:00:00, 0.4, 49, 2.84
18-Jun-2023 03:10:00, 0.4, 58, 2.94
18-Jun-2023 03:20:00, 0.4, 67, 3.16
18-Jun-2023 03:30:00, 0.4, 74, 3.02
18-Jun-2023 03:40:00, 0.4, 73, 3.09
18-Jun-2023 03:50:00, 0.4, 71, 3.09
18-Jun-2023 04:00:00, 0.5, 69, 3.19
18-Jun-2023 04:10:00, 0.4, 70, 3.19
18-Jun-2023 04:20:00, 0.4, 69, 3.30
18-Jun-2023 04:30:00, 0.4, 68, 3.21
18-Jun-2023 04:40:00, 0.4, 70, 3.28
18-Jun-2023 04:50:00, 0.4, 76, 3.14
18-Jun-2023 05:00:00, 0.4, 79, 3.23
18-Jun-2023 05:10:00, 0.4, 78, 2.96
18-Jun-2023 05:20:00, 0.4, 76, 3.13
18-Jun-2023 05:30:00, 0.4, 73, 3.02
18-Jun-2023 05:40:00, 0.4, 75, 2.98
18-Jun-2023 05:50:00, 0.4, 74, 3.18
18-Jun-2023 06:00:00, 0.4, 76, 3.19
18-Jun-2023 06:10:00, 0.4, 74, 3.18
18-Jun-2023 06:20:00, 0.4, 72, 3.13
18-Jun-2023 06:30:00, 0.4, 72, 2.94
18-Jun-2023 06:40:00, 0.4, 78, 3.09
18-Jun-2023 06:50:00, 0.4, 83, 3.19
18-Jun-2023 07:00:00, 0.4, 85, 3.13
18-Jun-2023 07:10:00, 0.3, 80, 3.03
18-Jun-2023 07:20:00, 0.3, 73, 3.13
18-Jun-2023 07:30:00, 0.3, 63, 2.94
18-Jun-2023 07:40:00, 0.3, 66, 3.11
18-Jun-2023 07:50:00, 0.3, 73, 3.08
18-Jun-2023 08:00:00, 0.3, 73, 3.06
18-Jun-2023 08:10:00, 0.3, 78, 3.09
18-Jun-2023 08:20:00, 0.3, 82, 3.21
18-Jun-2023 08:30:00, 0.3, 86, 2.91
18-Jun-2023 08:40:00, 0.3, 94, 3.05
18-Jun-2023 08:50:00, 0.3, 92, 2.59
18-Jun-2023 09:00:00, 0.3, 91, 3.02
18-Jun-2023 09:10:00, 0.3, 85, 3.14
18-Jun-2023 09:20:00, 0.3, 83, 2.98
18-Jun-2023 09:30:00, 0.3, 88, 3.25
18-Jun-2023 09:40:00, 0.3, 85, 3.02
18-Jun-2023 09:50:00, 0.3, 86, 3.30
18-Jun-2023 10:00:00, 0.3, 94, 3.32
18-Jun-2023 10:10:00, 0.3, 96, 3.18
18-Jun-2023 10:20:00, 0.3, 96, 3.51
18-Jun-2023 10:30:00, 0.3, 95, 3.13
18-Jun-2023 10:40:00, 0.3, 86, 3.14
18-Jun-2023 10:50:00, 0.3, 65, 2.94
18-Jun-2023 11:00:00, 0.3, 62, 2.91
18-Jun-2023 11:10:00, 0.3, 72, 2.97
18-Jun-2023 11:20:00, 0.3, 76, 2.42
18-Jun-2023 11:30:00, 0.3, 77, 2.64
18-Jun-2023 11:40:00, 0.3, 76, 2.69
18-Jun-2023 11:50:00, 0.3, 75, 2.59
18-Jun-2023 12:00:00, 0.3, 73, 3.21
18-Jun-2023 12:10:00, 0.4, 72, 2.67
18-Jun-2023 12:20:00, 0.3, 68, 2.83
18-Jun-2023 12:30:00, 0.3, 63, 2.90
18-Jun-2023 12:40:00, 0.4, 63, 2.97
18-Jun-2023 12:50:00, 0.4, 67, 2.96
18-Jun-2023 13:00:00, 0.4, 72, 3.09
18-Jun-2023 13:10:00, 0.4, 71, 2.97
18-Jun-2023 13:20:00, 0.4, 69, 3.18
18-Jun-2023 13:30:00, 0.4, 69, 2.81
18-Jun-2023 13:40:00, 0.4, 74, 3.03
18-Jun-2023 13:50:00, 0.4, 80, 2.76
18-Jun-2023 14:00:00, 0.5, 84, 3.02
18-Jun-2023 14:10:00, 0.5, 84, 3.03
18-Jun-2023 14:20:00, 0.5, 81, 2.98
18-Jun-2023 14:30:00, 0.5, 83, 2.93
18-Jun-2023 14:40:00, 0.5, 87, 3.19
18-Jun-2023 14:50:00, 0.5, 85, 3.18
18-Jun-2023 15:00:00, 0.5, 82, 3.23
18-Jun-2023 15:10:00, 0.5, 81, 3.30
18-Jun-2023 15:20:00, 0.5, 80, 3.21
18-Jun-2023 15:30:00, 0.5, 78, 3.26
18-Jun-2023 15:40:00, 0.5, 76, 3.19
18-Jun-2023 15:50:00, 0.6, 78, 3.35
18-Jun-2023 16:00:00, 0.6, 84, 3.41
18-Jun-2023 16:10:00, 0.6, 88, 3.26
18-Jun-2023 16:20:00, 0.6, 84, 3.34
18-Jun-2023 16:30:00, 0.5, 79, 3.14
18-Jun-2023 16:40:00, 0.5, 74, 3.67
18-Jun-2023 16:50:00, 0.6, 69, 3.45
18-Jun-2023 17:00:00, 0.5, 69, 3.41
18-Jun-2023 17:10:00, 0.5, 71, 3.86
18-Jun-2023 17:20:00, 0.5, 70, 3.62
18-Jun-2023 17:30:00, 0.5, 67, 3.47
18-Jun-2023 17:40:00, 0.6, 64, 3.56
18-Jun-2023 17:50:00, 0.6, 66, 3.60
18-Jun-2023 18:00:00, 0.6, 69, 3.71
18-Jun-2023 18:10:00, 0.5, 70, 3.39
18-Jun-2023 18:20:00, 0.6, 69, 3.58
18-Jun-2023 18:30:00, 0.6, 70, 3.67
18-Jun-2023 18:40:00, 0.6, 79, 3.64
18-Jun-2023 18:50:00, 0.6, 83, 3.88
18-Jun-2023 19:00:00, 0.5, 79, 4.07
18-Jun-2023 19:10:00, 0.5, 74, 3.67
18-Jun-2023 19:20:00, 0.6, 71, 3.78
18-Jun-2023 19:30:00, 0.5, 66, 3.91
18-Jun-2023 19:40:00, 0.6, 56, 3.93
18-Jun-2023 19:50:00, 0.5, 52, 3.76
18-Jun-2023 20:00:00, 0.6, 61, 3.88
18-Jun-2023 20:10:00, 0.6, 71, 4.15
18-Jun-2023 20:20:00, 0.5, 78, 4.04
18-Jun-2023 20:30:00, 0.5, 77, 3.88
18-Jun-2023 20:40:00, 0.5, 71, 3.73
18-Jun-2023 20:50:00, 0.5, 71, 4.21
18-Jun-2023 21:00:00, 0.5, 77, 3.99
18-Jun-2023 21:10:00, 0.6, 76, 4.04
18-Jun-2023 21:20:00, 0.5, 70, 3.99
18-Jun-2023 21:30:00, 0.5, 64, 3.93
18-Jun-2023 21:40:00, 0.5, 60, 3.99
18-Jun-2023 21:50:00, 0.5, 70, 3.96
18-Jun-2023 22:00:00, 0.5, 75, 3.76
18-Jun-2023 22:10:00, 0.5, 72, 3.88
18-Jun-2023 22:20:00, 0.4, 66, 3.78
18-Jun-2023 22:30:00, 0.5, 63, 4.07
18-Jun-2023 22:40:00, 0.5, 57, 3.91
18-Jun-2023 22:50:00, 0.5, 54, 3.83
18-Jun-2023 23:00:00, 0.5, 59, 4.07
18-Jun-2023 23:10:00, 0.5, 61, 3.93
18-Jun-2023 23:20:00, 0.5, 63, 3.78
18-Jun-2023 23:30:00, 0.5, 61, 3.81
18-Jun-2023 23:40:00, 0.5, 64, 3.81
18-Jun-2023 23:50:00, 0.5, 70, 2.69
19-Jun-2023 00:00:00, 0.5, 74, 3.96
19-Jun-2023 00:10:00, 0.6, 68, 3.58
19-Jun-2023 00:20:00, 0.5, 61, 3.91
19-Jun-2023 00:30:00, 0.6, 58, 4.04
19-Jun-2023 00:40:00, 0.6, 60, 3.86
19-Jun-2023 00:50:00, 0.6, 59, 3.76
19-Jun-2023 01:00:00, 0.6, 53, 3.91
19-Jun-2023 01:10:00, 0.6, 45, 3.62
19-Jun-2023 01:20:00, 0.6, 51, 3.81
19-Jun-2023 01:30:00, 0.5, 59, 4.10
19-Jun-2023 01:40:00, 0.6, 64, 3.81
19-Jun-2023 01:50:00, 0.6, 56, 3.93
19-Jun-2023 02:00:00, 0.6, 50, 3.67
19-Jun-2023 02:10:00, 0.5, 47, 3.86
19-Jun-2023 02:20:00, 0.5, 51, 4.10
19-Jun-2023 02:30:00, 0.5, 58, 3.93
19-Jun-2023 02:40:00, 0.5, 63, 3.99
19-Jun-2023 02:50:00, 0.5, 72, 3.96
19-Jun-2023 03:00:00, 0.4, 71, 3.67
19-Jun-2023 03:10:00, 0.5, 59, 3.78
19-Jun-2023 03:20:00, 0.5, 52, 3.83
19-Jun-2023 03:30:00, 0.5, 48, 3.47
19-Jun-2023 03:40:00, 0.5, 54, 3.60
19-Jun-2023 03:50:00, 0.5, 60, 3.73
19-Jun-2023 04:00:00, 0.4, 68, 3.73
19-Jun-2023 04:10:00, 0.4, 70, 3.69
19-Jun-2023 04:20:00, 0.4, 68, 3.67
19-Jun-2023 04:30:00, 0.4, 65, 3.43
19-Jun-2023 04:40:00, 0.4, 65, 3.81
19-Jun-2023 04:50:00, 0.4, 65, 3.76
19-Jun-2023 05:00:00, 0.4, 63, 3.78
19-Jun-2023 05:10:00, 0.4, 59, 3.67
19-Jun-2023 05:20:00, 0.4, 61, 3.25
19-Jun-2023 05:30:00, 0.4, 65, 3.71
19-Jun-2023 05:40:00, 0.3, 68, 3.58
19-Jun-2023 05:50:00, 0.3, 73, 3.39
19-Jun-2023 06:00:00, 0.3, 80, 3.69
19-Jun-2023 06:10:00, 0.3, 83, 3.54
19-Jun-2023 06:20:00, 0.3, 92, 3.64
19-Jun-2023 06:30:00, 0.3, 97, 3.39
19-Jun-2023 06:40:00, 0.3, 96, 3.67
